image_id,side,top_ratio,vertical_span,density,texture_std,green_saturation,green_dominant_ratio,grass_px
1008889955635626,left,0.4951,0.4748,0.1028,26.59,0.439,0.8901,281420
1045168061140704,left,0.5351,0.4975,0.1147,35.65,0.4519,0.8073,314003
1055448070102819,left,0.4911,0.4042,0.0585,17.95,0.377,0.6704,160128
1056069086705088,left,0.5005,0.4674,0.0975,22.62,0.44,0.9428,266735
1061897109426260,left,0.5301,0.5025,0.1578,38.67,0.424,0.8123,431944
1071336918472021,left,0.5361,0.4965,0.1437,25.86,0.5413,0.8195,393294
1110095851142186,left,0.5183,0.4822,0.1318,30.32,0.5625,0.9403,360625
1114309697382267,left,0.4916,0.459,0.0569,26.63,0.2784,0.9437,155778
1133639458707324,left,0.4906,0.2456,0.1032,33.57,0.3661,0.2653,282388
1135389745190695,left,0.5035,0.4605,0.096,28.61,0.4658,0.8827,262800
1140620187979882,left,0.5148,0.4891,0.1423,26.2,0.425,0.7836,389313
1142393844638307,left,0.5321,0.4965,0.1025,30.0,0.3905,0.7799,280515
1153001913380843,left,0.4956,0.4704,0.1158,23.75,0.4257,0.8889,316920
1162798089012270,left,0.4995,0.457,0.135,28.17,0.4318,0.8786,369546
1163408215620456,left,0.5173,0.2856,0.1119,17.92,0.4891,0.9753,306084
1165943888734077,left,0.4837,0.4032,0.069,26.82,0.4513,0.785,188837
1171938791419175,left,0.496,0.4541,0.0586,25.67,0.2838,0.8856,160308
1173969511565177,left,0.5109,0.3043,0.0959,28.27,0.4945,0.8456,262557
1175049168042736,left,0.4812,0.4476,0.1154,18.99,0.3286,0.6218,315715
1175291678091752,left,0.6201,0.5929,0.0929,28.97,0.55,0.6795,254195
1176552691129952,left,0.5539,0.5109,0.0994,41.75,0.5283,0.8642,272026
1176623484496491,left,0.5677,0.5331,0.1875,29.36,0.375,0.5432,513050
1179609510641120,left,0.504,0.4081,0.2223,24.43,0.3462,0.5133,608426
1181803960363422,left,0.4768,0.1907,0.0255,39.09,0.3333,0.5268,69760
1187018473600045,left,0.5296,0.4995,0.1147,27.75,0.3269,0.7241,313870
1188461000025104,left,0.4827,0.4471,0.0476,27.45,0.3256,0.727,130166
1189586202905981,left,0.6665,0.6349,0.1891,26.13,0.4459,0.5143,517492
1190229803225178,left,0.4901,0.462,0.0999,31.35,0.4331,0.6307,273249
1192324733072700,left,0.6077,0.5632,0.0836,37.03,0.4309,0.6666,228686
1192386179628801,left,0.5094,0.4723,0.1274,19.85,0.5119,0.8964,348660
1192615593033672,left,1.0,0.96,0.1167,21.74,0.4722,0.9373,319436
1193907106267199,left,0.4763,0.4545,0.1034,28.35,0.3824,0.537,283062
1194122639370727,left,0.5178,0.4906,0.0606,33.02,0.4727,0.8506,165920
1194151126161377,left,0.5494,0.5489,0.1579,42.76,0.4773,0.875,432199
1195356732796077,left,0.4946,0.4941,0.1203,25.42,0.374,0.74,329224
1197147825862299,left,0.504,0.4728,0.1404,22.12,0.3676,0.7815,384309
1197920609170133,left,0.4797,0.4471,0.0943,21.97,0.4444,0.776,258073
1198361451959243,left,0.5494,0.5049,0.1133,40.73,0.5591,0.8511,310128
1198731659082918,left,0.5104,0.4733,0.1186,28.59,0.5088,0.7956,324497
1198733872328542,left,0.4802,0.4437,0.0217,40.27,0.3333,0.2668,59310
1199499362393399,left,0.7154,0.6789,0.0682,30.68,0.4688,0.6903,186636
1200843832253021,left,0.5598,0.5035,0.1057,28.12,0.3014,0.4153,289244
1201497864970765,left,0.5237,0.5049,0.1248,25.77,0.5342,0.9497,341418
1202060188252082,left,0.5163,0.42,0.1184,25.31,0.3919,0.8943,324028
1202175812106906,left,0.5262,0.4802,0.069,24.83,0.4375,0.7319,188912
1202198701570232,left,0.4832,0.4234,0.086,30.25,0.3368,0.1254,235462
1203198781970697,left,0.5514,0.5203,0.1442,25.12,0.439,0.9494,394469
1205022321210188,left,0.542,0.4891,0.1552,32.54,0.451,0.6091,424775
1205162115037921,left,0.5326,0.4995,0.1176,26.1,0.4565,0.9301,321746
1205650385096498,left,0.4832,0.3266,0.0746,20.49,0.4947,0.9097,204115
1205741951765173,left,0.4763,0.4175,0.0594,32.47,0.4526,0.5804,162489
1207760264260890,left,0.5183,0.4615,0.0657,28.88,0.3779,0.6967,179880
1208105747568400,left,0.5138,0.4649,0.055,47.3,0.3276,0.6238,150461
1208719320867829,left,0.5247,0.4862,0.0902,28.35,0.5044,0.9036,246829
1208801458091773,left,0.5618,0.5247,0.1168,18.45,0.3729,0.6792,319490
1208892437489251,left,0.5119,0.4501,0.1374,23.48,0.5556,0.9502,376065
1209240028044350,left,0.5272,0.4743,0.151,28.87,0.4111,0.8658,413083
1210642807893649,left,0.4896,0.459,0.0938,27.56,0.5043,0.6955,256785
1210786257289347,left,0.4847,0.3953,0.0376,33.57,0.2987,0.5732,102889
1211097777899873,left,0.504,0.4585,0.146,28.86,0.3902,0.8544,399622
1212888660398678,left,0.5262,0.2742,0.0437,35.47,0.3412,0.7611,119627
1212980840953199,left,0.4773,0.4541,0.0667,25.64,0.4,0.7775,182455
1213101500327911,left,0.5543,0.5247,0.1377,26.53,0.5273,0.8332,376913
1213658880908921,left,0.4827,0.457,0.0847,24.48,0.5135,0.9221,231788
1214496577553463,left,0.4906,0.4585,0.1081,30.0,0.5,0.8393,295905
1214932530184308,left,0.5212,0.4699,0.1017,24.98,0.5273,0.904,278424
1215493224006419,left,0.582,0.543,0.0966,24.41,0.2442,0.6555,264275
1216221993339951,left,0.541,0.5193,0.1261,32.31,0.2838,0.5824,344949
1217392000368431,left,0.5173,0.458,0.1209,22.5,0.5185,0.938,330772
1217493539955388,left,0.5158,0.4629,0.0426,28.8,0.3333,0.7181,116680
1218228886420630,left,1.0,0.958,0.1415,32.77,0.5306,0.9049,387110
1218387583080867,left,0.581,0.5499,0.1557,24.81,0.2931,0.6,426119
1218845050350202,left,0.5005,0.4457,0.0839,27.28,0.4386,0.5151,229612
1219439996322713,left,0.5425,0.4975,0.1406,20.81,0.5625,0.8617,384837
1219695922878615,left,0.5321,0.4985,0.1358,26.51,0.44,0.6056,371525
1220866892812017,left,0.4797,0.4541,0.0659,22.16,0.3684,0.797,180223
1221046596641178,left,0.4891,0.4521,0.1259,25.87,0.4776,0.9632,344426
1221548922710293,left,0.4906,0.4101,0.0666,28.6,0.35,0.6404,182131
1221636963391434,left,0.4876,0.3923,0.043,28.94,0.2706,0.7875,117775
1221840835994856,left,0.5375,0.4926,0.1152,32.41,0.5,0.5298,315121
1222361489859604,left,0.497,0.461,0.1472,22.86,0.4857,0.8971,402807
1225207659536401,left,0.4827,0.4575,0.0943,26.29,0.451,0.7131,258101
1225518635580641,left,0.4881,0.4585,0.0679,30.89,0.3968,0.6893,185786
1225548615569853,left,0.4946,0.459,0.0887,27.3,0.5094,0.9301,242707
1226488015482280,left,0.497,0.4792,0.1114,30.06,0.3778,0.7737,304868
1226531866233741,left,0.5321,0.4896,0.163,39.71,0.5,0.8257,446007
1226818189359854,left,0.4807,0.4644,0.0904,23.1,0.3699,0.7989,247320
1226822896220294,left,0.5539,0.5534,0.176,25.76,0.3924,0.6698,481567
1227298688867659,left,0.5356,0.4906,0.0953,33.02,0.2982,0.6135,260870
1227801422636991,left,0.5361,0.4916,0.1327,31.38,0.506,0.8779,363075
1228294712822645,left,0.4807,0.459,0.1105,15.73,0.5625,0.8151,302472
1229842465789719,left,0.6018,0.5618,0.1789,26.69,0.3333,0.3413,489645
1230142282515745,left,0.498,0.4501,0.0621,22.59,0.3077,0.8475,170033
1230740032588600,left,0.5059,0.4694,0.0869,27.86,0.4128,0.9223,237912
1231899548870959,left,0.5188,0.3152,0.1151,20.52,0.337,0.801,314900
1231915968296598,left,0.5064,0.4708,0.1274,20.01,0.4565,0.9065,348649
1233888445353818,left,0.5044,0.4659,0.086,30.15,0.5044,0.9001,235399
1233895852008694,left,0.4921,0.4615,0.1091,28.15,0.4286,0.9086,298418
1235274375376155,left,0.5366,0.4921,0.0831,27.84,0.4667,0.6955,227331
1237183595176429,left,0.5415,0.4896,0.1451,22.29,0.3119,0.4826,397112
1237453895248152,left,0.5208,0.4862,0.1229,24.67,0.44,0.8828,336378
1238806488228455,left,0.5143,0.4822,0.0604,21.59,0.4048,0.8703,165285
1240547667967998,left,0.5805,0.5519,0.1701,24.77,0.45,0.8316,465469
1240748481309412,left,0.5232,0.4946,0.094,33.29,0.4483,0.7778,257269
1241060564613822,left,0.5351,0.4995,0.1271,29.34,0.4231,0.8179,347851
1241707617840143,left,0.4901,0.4664,0.0862,26.19,0.5124,0.82,235893
1241742487869599,left,0.5776,0.5479,0.1632,29.3,0.3571,0.3345,446605
1241779121174527,left,0.4911,0.4466,0.1319,19.52,0.5143,0.9324,361055
1242100554569858,left,0.5064,0.461,0.1206,20.52,0.4384,0.7689,329918
1242547261115958,left,0.504,0.4812,0.1168,24.28,0.4935,0.9066,319515
1244432070926266,left,0.5109,0.4753,0.0455,27.47,0.4048,0.6559,124568
1245915684107293,left,0.5267,0.4526,0.1287,31.0,0.3739,0.9181,352109
1246701300736224,left,0.5563,0.5267,0.1758,28.13,0.4857,0.8057,481100
1247223527285630,left,0.5015,0.456,0.123,24.38,0.3474,0.8955,336563
1248298340550513,left,0.5188,0.4941,0.1427,25.07,0.4559,0.6122,390617
1248416537209403,left,0.4847,0.4526,0.1007,29.73,0.5,0.821,275609
1248812113787884,left,0.4783,0.4466,0.0935,24.69,0.4265,0.8796,255851
1248962827127188,left,0.5341,0.5128,0.119,27.42,0.4694,0.7339,325647
1249663227050544,left,0.538,0.4901,0.1091,31.29,0.5517,0.6931,298649
1251948130475331,left,0.5776,0.2989,0.1269,39.38,0.3696,0.559,347203
1252150686777338,left,0.9867,0.9417,0.0425,23.06,0.4024,0.9396,116331
1252170753438092,left,0.4792,0.4536,0.1111,26.55,0.4771,0.859,303909
1252569220109405,left,0.5188,0.4822,0.0972,32.6,0.4563,0.7593,266033
1254622929892813,left,0.5623,0.5252,0.0855,23.23,0.32,0.7786,233957
1255776963090427,left,0.4837,0.4437,0.0814,26.35,0.4746,0.829,222648
1257141109652262,left,0.5143,0.3928,0.1221,31.37,0.3617,0.883,334106
1258220162861635,left,0.5553,0.501,0.1593,36.93,0.4,0.7935,436032
1258240266153369,left,0.497,0.455,0.0894,31.81,0.48,0.9344,244572
1258724019440436,left,0.5469,0.5114,0.1342,38.38,0.4487,0.807,367211
1260424166138691,left,0.5568,0.5128,0.1582,41.83,0.4688,0.8174,432865
1260478295928761,left,0.4792,0.4555,0.059,25.42,0.4,0.7056,161535
1260580155924333,left,0.5049,0.4659,0.1225,26.91,0.3871,0.84,335320
1264438365528229,left,0.5148,0.2708,0.0792,34.71,0.3763,0.7505,216792
1265661085533533,left,0.5637,0.5168,0.1596,25.75,0.4265,0.8993,436658
1265727185480661,left,0.5025,0.4723,0.117,18.48,0.5366,0.8736,320066
1265915398924016,left,0.5198,0.2683,0.0216,40.78,0.4237,0.5773,59049
1266553138626222,left,0.499,0.4328,0.0683,24.62,0.3918,0.8511,187019
1268260988451703,left,0.5074,0.4738,0.1085,25.05,0.4865,0.8223,296776
1268436735339865,left,0.5395,0.503,0.1196,34.47,0.4756,0.7722,327392
1268650205153044,left,0.5939,0.5598,0.1774,23.25,0.3333,0.5182,485495
1270325941573008,left,0.543,0.4876,0.0767,26.5,0.6735,0.799,209905
1272552651350152,left,0.4926,0.4921,0.1177,21.32,0.375,0.6362,322024
1272729924903349,left,0.5119,0.4728,0.1542,31.79,0.4795,0.8709,422087
1274967971405795,left,0.4906,0.2342,0.0232,38.48,0.3059,0.6325,63378
1275640474479856,left,0.5035,0.4699,0.1,28.57,0.3303,0.5701,273625
1275673554402108,left,0.4926,0.2426,0.0635,25.24,0.4231,0.9155,173857
1276806547611395,left,0.4921,0.2332,0.0284,37.45,0.2973,0.739,77817
1280282010664893,left,0.5035,0.4629,0.1137,15.5,0.369,0.6832,311071
1281095300510245,left,0.4896,0.458,0.1166,30.65,0.3425,0.7398,319116
1282836660346258,left,0.4684,0.1719,0.0302,40.61,0.3623,0.5091,82668
1284430623510322,left,1.0,0.959,0.1387,28.81,0.4045,0.9118,379533
1284763400156629,left,0.4876,0.4872,0.0562,29.1,0.4737,0.8993,153861
1286677926631886,left,0.496,0.4313,0.1029,23.56,0.5098,0.9063,281663
1287360393227494,left,0.5845,0.5494,0.042,31.16,0.3529,0.5249,114923
1290180402939420,left,0.5188,0.4758,0.0808,23.48,0.5192,0.7985,221120
1295304985740090,left,0.5059,0.4674,0.1118,21.48,0.5319,0.9516,305941
1296463682506048,left,0.5815,0.5534,0.1555,25.19,0.4444,0.7479,425552
1296936985788224,left,0.6428,0.6176,0.1396,31.54,0.4706,0.7348,382054
1298723935611927,left,0.5247,0.4827,0.0823,26.83,0.3069,0.6024,225103
1298764585392635,left,0.4975,0.2322,0.0558,21.83,0.5571,0.9471,152660
1303711208468902,left,0.5025,0.4763,0.1163,22.56,0.4375,0.932,318327
1304218561722729,left,0.5222,0.4911,0.109,26.43,0.3019,0.6387,298156
1310625761093496,left,0.5188,0.4694,0.1388,23.66,0.3956,0.7987,379954
1312507110904636,left,0.5578,0.5232,0.1623,40.8,0.5102,0.8171,444032
1313322467505686,left,0.5494,0.5148,0.1171,27.34,0.5,0.5894,320424
1315745047256063,left,0.497,0.4387,0.0595,35.64,0.4545,0.7786,162723
1326964539282534,left,0.5272,0.5069,0.1291,28.63,0.5625,0.7308,353262
1330147675796788,left,0.4822,0.4412,0.0873,24.96,0.3478,0.8801,238963
1331385155685432,left,0.5084,0.4713,0.0679,31.76,0.3721,0.8544,185785
1332226968671975,left,0.5163,0.4289,0.0722,30.08,0.4143,0.8852,197551
1344027190811206,left,0.5158,0.4368,0.042,42.2,0.3261,0.7156,115039
1346651537266678,left,0.5217,0.4679,0.1285,28.24,0.3857,0.8667,351734
1348856613715419,left,0.5104,0.4575,0.1395,18.46,0.4455,0.9293,381749
1351405243667846,left,0.5608,0.5227,0.1403,35.41,0.475,0.748,383935
1354331273047100,left,0.5227,0.4778,0.1113,21.15,0.4,0.8667,304492
1356778376222342,left,0.4911,0.4541,0.114,19.54,0.3488,0.5663,311927
1362380895687716,left,0.5395,0.4694,0.1398,23.63,0.4194,0.8073,382481
1363804255494057,left,0.4876,0.458,0.1058,18.08,0.3939,0.8799,289564
1365939591942322,left,0.5119,0.502,0.1206,27.24,0.5,0.8324,330087
1366117964995627,left,0.5183,0.4807,0.1046,28.57,0.3778,0.5492,286272
1366164158645005,left,0.541,0.4995,0.1528,29.83,0.4242,0.7823,418232
1366815061403146,left,0.4802,0.2248,0.0654,30.91,0.4098,0.8384,179043
1366920708518570,left,0.5366,0.5183,0.1732,39.45,0.4429,0.7845,474014
1367071494741525,left,0.5618,0.5316,0.094,24.79,0.4915,0.7264,257303
1368112195058464,left,0.5015,0.458,0.0733,21.48,0.3279,0.8905,200603
1369510854923226,left,0.4906,0.4209,0.053,31.84,0.4189,0.6963,145083
1371250244747908,left,0.4822,0.3923,0.0867,24.34,0.4636,0.9256,237250
1372835354318353,left,0.502,0.4422,0.0584,19.51,0.2713,0.9087,159912
1373173760749192,left,0.5208,0.4664,0.0881,24.86,0.3077,0.8012,241142
1373561047416914,left,0.4867,0.457,0.084,23.1,0.6154,0.9339,229749
1374190057815474,left,0.4956,0.4516,0.0304,35.26,0.3372,0.8136,83139
1375120734362290,left,0.5104,0.4792,0.0678,32.57,0.3529,0.837,185469
1375378953784766,left,0.5188,0.4259,0.1247,33.75,0.3645,0.8668,341223
1376265260393286,left,0.5346,0.5153,0.133,41.38,0.5172,0.8507,363828
1376531923737684,left,0.497,0.4531,0.0834,20.95,0.2947,0.6632,228265
1376664543663908,left,0.5316,0.4896,0.1569,25.68,0.4414,0.8463,429240
1376907794187840,left,0.9792,0.9511,0.12,16.35,0.3939,0.8153,328355
1377784457423045,left,0.4733,0.4392,0.0715,31.03,0.4655,0.8268,195772
1377931273645010,left,0.4852,0.4214,0.1088,27.98,0.2759,0.6878,297708
1378993830097559,left,0.582,0.2984,0.0467,19.62,0.6111,0.9703,127696
1379310013971318,left,0.4832,0.459,0.0918,22.52,0.3889,0.9042,251099
1379941620596788,left,0.496,0.4699,0.0855,23.62,0.292,0.823,233981
1380221976610683,left,0.5198,0.3142,0.1445,22.04,0.4468,0.8061,395351
1380751097133066,left,0.5469,0.497,0.1537,34.63,0.4483,0.7764,420578
1381863716757325,left,0.54,0.5025,0.1474,21.71,0.5217,0.9059,403412
1382126833652436,left,0.4763,0.4402,0.0864,27.46,0.4123,0.4337,236385
1382343316960531,left,0.5025,0.4738,0.1239,32.18,0.4054,0.6818,338949
1382428236685293,left,0.4847,0.4303,0.0851,26.66,0.5278,0.8135,232773
1384536003155994,left,0.4906,0.4422,0.1082,22.42,0.5385,0.9162,295955
1387024262637164,left,0.5459,0.5128,0.168,38.05,0.4074,0.7588,459626
1390540386088057,left,0.5287,0.5119,0.1492,35.74,0.5455,0.9361,408265
1392451065705678,left,0.5257,0.4975,0.1023,30.18,0.4957,0.8172,279915
1392684475663658,left,0.5064,0.2599,0.0701,25.8,0.2935,0.4014,191919
1393324159000702,left,0.5143,0.4901,0.1303,24.71,0.3704,0.7472,356453
1393663855788904,left,0.497,0.4298,0.0282,27.99,0.2903,0.4826,77206
1394479101616319,left,0.5296,0.5292,0.1458,27.36,0.5625,0.871,398973
1395769838118856,left,0.4753,0.2045,0.0336,37.63,0.3766,0.4575,91886
1395914548688573,left,0.4842,0.2851,0.1082,15.63,0.3725,0.6492,296144
1396068288475881,left,0.5889,0.5558,0.1474,23.34,0.4404,0.6953,403237
1397157948541553,left,0.5548,0.5069,0.2045,20.06,0.4828,0.844,559647
1397313935193024,left,0.5455,0.4704,0.1177,29.73,0.5357,0.8731,322041
1397316825192590,left,0.496,0.4669,0.1115,24.48,0.5,0.7985,304999
1398370454993142,left,0.4758,0.2317,0.0478,34.68,0.425,0.5983,130782
1398792338463716,left,0.5217,0.4699,0.0897,35.28,0.4175,0.7602,245329
1400461571816334,left,0.9792,0.9466,0.1059,22.73,0.3962,0.8566,289763
1400608204943579,left,0.5094,0.4679,0.1797,22.98,0.3448,0.7291,491748
1400621701436824,left,0.5257,0.4249,0.1005,23.62,0.5283,0.8427,275044
1401412591438852,left,0.4847,0.4298,0.1336,18.16,0.3731,0.9054,365625
1401636471414590,left,0.545,0.5109,0.1094,29.93,0.5765,0.9014,299365
1402770704866843,left,0.4995,0.2638,0.0696,34.56,0.4054,0.6696,190527
1402825254856534,left,0.4906,0.4526,0.0858,26.8,0.4667,0.814,234796
1404082337919209,left,0.4975,0.2757,0.0608,26.27,0.3091,0.5168,166309
1404499181331339,left,0.5084,0.2421,0.1148,19.83,0.3163,0.5877,314272
1404609621388544,left,0.5415,0.5054,0.1419,37.09,0.4404,0.8747,388341
1404841128104239,left,0.4852,0.4847,0.079,30.5,0.4286,0.772,216147
1405495910981693,left,0.4832,0.0504,0.0033,45.14,0.3017,0.5312,8936
1405724494621190,left,0.4906,0.4901,0.1071,30.88,0.381,0.8888,293172
1406698610863964,left,0.5306,0.496,0.0805,29.31,0.4242,0.8652,220365
1407064061115153,left,0.5657,0.3651,0.1165,45.33,0.3568,0.4645,318818
1407181217727676,left,0.5232,0.4842,0.1012,27.88,0.4952,0.8009,277025
1407430561022768,left,0.4946,0.4773,0.1033,21.08,0.3298,0.6278,282606
1408124770696783,left,0.5375,0.4951,0.1733,29.62,0.5152,0.829,474183
1409370770879916,left,0.4956,0.4363,0.0413,27.3,0.303,0.8037,113023
1409631313935950,left,0.4921,0.4565,0.1073,20.98,0.5584,0.9396,293574
1409948393874832,left,0.5133,0.1122,0.002,23.8,0.3409,0.9403,5529
1409981440773259,left,0.5311,0.4007,0.0983,34.29,0.3636,0.8596,268988
1410600040794896,left,0.5336,0.501,0.0529,33.22,0.3766,0.6375,144640
1410992194015889,left,0.5855,0.5489,0.1443,35.43,0.4872,0.6439,394874
1411076667432963,left,0.4985,0.458,0.0578,33.41,0.369,0.7802,158042
1411274167139585,left,0.4906,0.4279,0.036,31.04,0.349,0.3304,98531
1412051067039762,left,0.4936,0.4634,0.1051,28.44,0.5354,0.8467,287694
1412388933100681,left,0.4852,0.4847,0.09,20.67,0.5143,0.8424,246151
1413592347212973,left,0.5227,0.4951,0.0832,38.43,0.4382,0.3248,227594
1414357893731429,left,0.4748,0.4145,0.0557,34.96,0.4194,0.6446,152353
1414386333431183,left,0.5178,0.4783,0.0769,32.34,0.4176,0.7731,210326
1414813140124562,left,0.5069,0.456,0.1272,30.21,0.4872,0.7751,348152
1414880346859462,left,0.5178,0.4862,0.0863,35.82,0.32,0.5392,236131
1415075110078551,left,0.5341,0.498,0.1342,32.96,0.4074,0.8582,367158
1415222840065712,left,0.5124,0.2653,0.0787,29.1,0.339,0.9018,215366
1416292793287898,left,0.5193,0.4753,0.1589,38.07,0.4911,0.8517,434703
1416812056773577,left,0.5217,0.4876,0.183,22.33,0.5402,0.9241,500905
1417733046559060,left,0.5064,0.4812,0.0893,22.14,0.4954,0.9204,244277
1417822573313789,left,0.5084,0.4827,0.0853,26.47,0.4494,0.5832,233528
1418151233241049,left,0.5049,0.4368,0.1312,19.94,0.4865,0.877,359033
1419305399573268,left,0.539,0.291,0.1227,34.81,0.3936,0.7899,335766
1420533849628690,left,0.4946,0.458,0.0739,27.93,0.4074,0.6608,202318
1420867799443437,left,0.5227,0.496,0.0857,30.71,0.4286,0.6925,234567
1422124462691963,left,0.5371,0.5099,0.1295,34.93,0.5538,0.8755,354440
1422130162685361,left,0.5341,0.5153,0.1703,31.7,0.5,0.8166,466135
1423458646182072,left,0.499,0.3216,0.1231,19.81,0.4667,0.912,336814
1423594969480409,left,0.5035,0.4674,0.0778,26.37,0.4844,0.6075,212794
1424394909094490,left,0.6556,0.6141,0.1627,32.95,0.3494,0.3549,445248
1424643549032381,left,0.5217,0.4773,0.1686,21.98,0.566,0.8389,461371
1425239162716098,left,0.6902,0.5958,0.1411,26.66,0.4468,0.8915,386224
1425942692877710,left,0.4876,0.4536,0.1015,21.3,0.4815,0.9012,277866
1427668335536488,left,0.4956,0.4639,0.069,29.89,0.3833,0.3927,188928
1431136372016880,left,0.5025,0.4689,0.1145,36.14,0.3377,0.6986,313321
1431567895306532,left,0.5183,0.1542,0.0242,29.8,0.3011,0.7081,66277
1431574798339803,left,0.5331,0.4965,0.1645,25.91,0.5522,0.8209,450138
1431678868537500,left,0.5015,0.4531,0.0941,39.64,0.4359,0.824,257398
1431903178589087,left,0.4931,0.4368,0.0692,23.36,0.3866,0.5304,189477
1432140278703379,left,0.5124,0.4881,0.1074,22.72,0.4286,0.7597,293997
1432230365147277,left,0.499,0.2213,0.0758,30.01,0.377,0.6206,207475
1432887428350704,left,0.4911,0.4585,0.0592,32.41,0.3333,0.4266,162047
1433160922153164,left,0.4753,0.3849,0.0048,28.44,0.4125,0.7073,13080
1433216418477399,left,0.5296,0.4975,0.1007,30.28,0.3333,0.8451,275455
1434020118430439,left,0.5543,0.5188,0.1033,25.07,0.5333,0.7819,282549
1434565084725714,left,0.4876,0.4407,0.0959,21.39,0.386,0.6017,262485
1435708394559082,left,0.5208,0.4526,0.1436,24.51,0.4,0.6778,392918
1436158524699170,left,0.5593,0.5059,0.1645,21.69,0.4286,0.4875,450173
1439206134522636,left,0.5306,0.4783,0.1368,28.62,0.382,0.8646,374450
1439320414518405,left,0.5054,0.4664,0.093,35.78,0.3158,0.6598,254383
1440322880768767,left,0.4985,0.461,0.0698,32.42,0.3448,0.7321,190958
1440479927626974,left,0.5089,0.4615,0.0951,22.68,0.4658,0.856,260201
1441166370914725,left,0.4886,0.4595,0.1127,16.81,0.4444,0.7953,308349
1441646387632673,left,0.5222,0.4659,0.1333,26.7,0.6214,0.9365,364685
1442365681235399,left,0.5138,0.4842,0.1271,31.06,0.5385,0.9129,347922
1443445313812088,left,0.5094,0.4812,0.1007,25.25,0.5385,0.9019,275643
1444267860595938,left,0.5548,0.5178,0.1226,38.55,0.4118,0.6914,335445
1444791280694112,left,0.5,0.4669,0.1054,26.61,0.4217,0.7986,288376
1445146187131254,left,0.4901,0.4644,0.1361,18.63,0.4839,0.8703,372558
1445978613534729,left,0.5138,0.4545,0.112,27.9,0.3919,0.9188,306389
1446400480338938,left,0.5138,0.4659,0.1168,30.49,0.3409,0.4083,319583
1446699030147795,left,0.5227,0.3093,0.1199,20.28,0.5,0.9579,328031
1446731560157230,left,0.4896,0.4615,0.1351,22.01,0.5263,0.8886,369829
1449089469942690,left,0.5529,0.5292,0.1026,32.45,0.5455,0.7404,280669
1450324396653256,left,0.5272,0.498,0.1069,36.13,0.3793,0.7069,292511
1451051669717973,left,0.4896,0.4575,0.0754,19.73,0.3125,0.5671,206326
1451261119686818,left,0.5292,0.496,0.1161,33.12,0.434,0.8351,317639
1451822013123884,left,0.4995,0.4699,0.101,27.67,0.4583,0.9195,276418
1451972289683205,left,0.4936,0.4135,0.1143,20.43,0.3902,0.9541,312810
1455155085972597,left,0.5178,0.4881,0.1606,24.21,0.507,0.8376,439435
1457392106109224,left,0.5094,0.4679,0.1108,23.12,0.5421,0.8887,303320
1458219382974177,left,0.4867,0.4392,0.0215,22.82,0.3431,0.511,58735
1468163064725593,left,0.5588,0.5114,0.1538,38.28,0.5088,0.8537,420750
1471311624412210,left,0.6546,0.6319,0.1631,25.89,0.4545,0.7507,446271
1475063584241981,left,0.5153,0.455,0.0705,33.28,0.3902,0.7215,193038
1476605354469316,left,0.4881,0.209,0.0572,20.49,0.2931,0.5386,156475
1481763816894942,left,0.5059,0.122,0.0046,21.34,0.4396,0.9787,12657
1481959780016261,left,0.4867,0.4457,0.0939,25.79,0.4828,0.6839,256908
1484661199896262,left,0.4896,0.4516,0.0934,27.15,0.375,0.822,255574
1499339852197654,left,0.5356,0.4881,0.1741,26.87,0.375,0.5102,476281
1504479640648457,left,0.5163,0.4906,0.0439,21.7,0.3678,0.4561,120220
1505384250562544,left,1.0,0.9644,0.1776,34.31,0.4105,0.7804,485858
1505790297864431,left,0.5272,0.4956,0.122,40.01,0.4274,0.6603,333879
1506260030473296,left,0.5464,0.5178,0.0965,29.85,0.5333,0.7556,264174
1507768673656276,left,0.539,0.501,0.1817,33.82,0.5455,0.7706,497241
1508216290279809,left,0.4956,0.4585,0.0745,18.28,0.3377,0.7993,203898
1514802390472924,left,0.4857,0.456,0.0584,22.39,0.4348,0.9533,159792
1515557056196564,left,0.5301,0.5168,0.1577,32.25,0.5495,0.9179,431433
1516178526151925,left,0.498,0.4659,0.1387,26.62,0.4478,0.8614,379496
1517209379354336,left,0.5578,0.5311,0.1458,29.36,0.4328,0.8339,398932
1518610519199451,left,0.5044,0.4674,0.0999,31.96,0.4958,0.7355,273252
1518952982522021,left,0.4956,0.4951,0.097,25.21,0.5385,0.8385,265561
1521772675571793,left,0.5336,0.4842,0.074,23.07,0.5316,0.8609,202377
1523225192113236,left,0.4951,0.4664,0.0855,29.22,0.34,0.6085,233845
1523531765397814,left,0.5371,0.4946,0.1373,40.88,0.4375,0.8594,375722
1525901558483169,left,0.4941,0.4506,0.12,28.81,0.416,0.7034,328397
1528077598651560,left,0.5331,0.4842,0.1487,22.66,0.4688,0.9017,407020
1528093431629030,left,1.0,0.9491,0.1545,36.33,0.4151,0.8241,422790
1532687121321293,left,0.5484,0.5198,0.1562,36.31,0.4667,0.852,427462
1533515557738702,left,0.497,0.4718,0.055,25.02,0.268,0.9179,150389
1535613974217835,left,0.504,0.4669,0.1435,30.16,0.4138,0.8552,392595
1536667720878594,left,0.5316,0.4916,0.1575,35.75,0.3544,0.6548,431014
1537164404005524,left,0.4921,0.4486,0.0854,18.53,0.4747,0.9295,233828
1538364580578263,left,0.4936,0.4545,0.1258,26.37,0.4796,0.8584,344268
1538652677230429,left,0.5109,0.4812,0.0606,53.69,0.322,0.5687,165874
1542459003686150,left,0.4926,0.456,0.0448,33.04,0.4286,0.4801,122661
1543660760195066,left,0.5845,0.5282,0.0928,27.54,0.4778,0.7859,253818
1543973606883737,left,1.0,0.9234,0.137,18.74,0.4412,0.8811,374836
1545352160924489,left,0.5104,0.4812,0.0773,26.1,0.4909,0.7571,211485
1548434216447726,left,0.4951,0.2184,0.0514,36.44,0.41,0.6642,140634
1548725606381641,left,0.4946,0.4654,0.0902,19.95,0.3714,0.8329,246912
1551429212813439,left,0.5059,0.2841,0.1123,23.16,0.3398,0.7803,307348
1551874459431901,left,0.5227,0.4822,0.1419,30.71,0.4833,0.8859,388171
1552911372595880,left,0.4881,0.455,0.0767,20.47,0.2892,0.5782,209790
1554569835819578,left,0.4842,0.2144,0.0231,40.85,0.313,0.5248,63310
1554631779097375,left,0.5198,0.5193,0.0595,22.86,0.3478,0.62,162730
1556548662304258,left,0.5212,0.4615,0.0599,34.06,0.3714,0.8232,163857
1557173545349441,left,0.5222,0.4817,0.1596,32.28,0.3958,0.8337,436603
1559043818713284,left,0.5119,0.4432,0.0582,31.47,0.375,0.8425,159255
1561335355175392,left,0.504,0.2451,0.096,19.55,0.4167,0.9573,262595
1564010848201897,left,0.5455,0.5049,0.1261,24.6,0.5577,0.7981,344976
1564557954588605,left,0.499,0.4575,0.0387,33.06,0.5128,0.5998,106006
1566155707960225,left,0.5252,0.3197,0.1586,21.33,0.5,0.8847,434076
1566362787936218,left,0.4792,0.4422,0.0813,28.67,0.3143,0.5691,222423
1566962201207726,left,0.5227,0.4832,0.0492,43.21,0.4062,0.7031,134616
1567386371152703,left,0.4753,0.4457,0.0546,29.81,0.4773,0.6238,149336
1568057677948499,left,0.5316,0.2895,0.0726,40.39,0.383,0.7559,198693
1568499914299835,left,0.5366,0.5361,0.1757,25.63,0.3947,0.4042,480791
1569459370957937,left,0.5237,0.4575,0.0897,28.81,0.4819,0.8451,245342
1571692260826396,left,0.5153,0.4788,0.1132,23.15,0.5625,0.8755,309730
1573044960611029,left,0.4773,0.4768,0.1064,30.29,0.3833,0.7113,291025
1573799717263909,left,0.5217,0.2708,0.0561,34.52,0.3115,0.7357,153422
1575493180156298,left,0.5272,0.4886,0.1414,22.81,0.3125,0.6148,386814
1575601160329293,left,0.5415,0.5005,0.0757,38.82,0.3934,0.7864,207228
1577829406874181,left,0.4807,0.4289,0.0545,28.41,0.4348,0.8965,149084
1578998233521126,left,0.4946,0.4659,0.1375,24.79,0.5147,0.8673,376261
1579494726430621,left,0.5558,0.5217,0.141,25.47,0.5116,0.5241,385878
1580823789525834,left,0.4911,0.456,0.1274,25.77,0.4419,0.937,348605
1582861549505518,left,0.5222,0.4896,0.0824,25.49,0.3861,0.7118,225413
1583456702921739,left,0.4906,0.4264,0.0491,19.32,0.4865,0.765,134462
1583457869657348,left,0.543,0.5425,0.1696,29.84,0.3784,0.6528,464028
1583635279312945,left,0.4783,0.4516,0.0799,21.73,0.4167,0.8757,218507
1583919222851452,left,0.539,0.5104,0.1557,27.72,0.4513,0.8633,426144
1585054409376410,left,0.497,0.46,0.0692,32.88,0.3583,0.7598,189259
1585200999291619,left,0.5217,0.46,0.0826,22.43,0.3953,0.8912,226063
1590257122173465,left,0.4797,0.4432,0.0969,24.89,0.5208,0.8485,265200
1590671965904630,left,0.497,0.4713,0.1099,25.03,0.4474,0.891,300740
1594214201617908,left,0.4847,0.3928,0.0847,19.04,0.3944,0.8614,231693
1594457701685465,left,0.5227,0.4758,0.1091,22.33,0.4103,0.884,298612
1595776441666614,left,0.5361,0.5044,0.1701,22.23,0.5556,0.8491,465372
1597692631513841,left,0.5296,0.3123,0.1464,26.72,0.4909,0.8775,400655
1598320017846782,left,0.5104,0.4862,0.1012,28.68,0.439,0.7695,276804
1598545597855504,left,0.5543,0.5,0.1579,40.63,0.525,0.852,432120
1599140694452189,left,0.5193,0.4906,0.0853,26.42,0.4661,0.7176,233301
1599550847893022,left,0.5079,0.1566,0.0624,22.94,0.3793,0.9631,170721
1601193541193330,left,1.0,0.9555,0.0567,41.8,0.3692,0.3899,155159
1601338627539599,left,0.4842,0.4432,0.0868,20.88,0.49,0.8415,237657
1602030534235537,left,0.4827,0.4486,0.0893,18.93,0.4074,0.8643,244425
1602281441131772,left,0.5143,0.4545,0.1028,28.5,0.4444,0.8706,281229
1603332887692599,left,0.4817,0.4516,0.0725,21.32,0.3929,0.9302,198319
1604341417270115,left,0.456,0.1675,0.0071,43.33,0.25,0.5065,19341
1605236273826215,left,0.5326,0.4965,0.1669,20.02,0.5056,0.9098,456791
1606371953702237,left,0.4921,0.4373,0.056,29.72,0.3418,0.6844,153248
1606522100544541,left,0.5316,0.5049,0.0974,31.87,0.5133,0.711,266426
1607507037264040,left,0.5267,0.4718,0.0919,30.58,0.443,0.7869,251572
1608128223651111,left,0.5534,0.5005,0.1395,36.33,0.3039,0.4639,381654
1608952960259935,left,0.4941,0.4585,0.1367,22.49,0.4808,0.9324,374162
1613176169674388,left,0.4788,0.4526,0.0898,23.66,0.4038,0.8462,245709
1613612449817357,left,1.0,0.955,0.1714,37.23,0.5326,0.8102,469036
1613748872979434,left,0.4832,0.4412,0.086,22.75,0.5333,0.8692,235355
1615502992790900,left,0.4921,0.4358,0.0693,26.12,0.4706,0.5599,189561
1615511883135923,left,0.5059,0.293,0.093,29.91,0.3492,0.8639,254377
1616028699756428,left,0.5049,0.4773,0.1267,18.25,0.5854,0.8956,346787
1618628982661287,left,0.5509,0.5114,0.13,25.55,0.617,0.8565,355627
1619888049021430,left,0.5148,0.4936,0.0646,20.29,0.3626,0.7941,176657
1620186985678839,left,0.6117,0.5716,0.1719,23.58,0.4886,0.5066,470348
1620862266030738,left,0.5158,0.4718,0.0795,29.57,0.3958,0.8792,217659
1621115982574472,left,0.5262,0.4931,0.1459,25.44,0.4592,0.9358,399335
1624123192105312,left,0.4847,0.4501,0.0888,21.55,0.5976,0.8958,242913
1624710778962540,left,0.5326,0.4837,0.0708,29.86,0.4352,0.8296,193810
1629136971856390,left,0.4896,0.4496,0.099,20.12,0.375,0.591,271038
1633823587607510,left,0.497,0.4491,0.0917,28.51,0.5778,0.9444,250993
1634863930855165,left,0.5721,0.5193,0.1899,33.02,0.4898,0.8437,519582
1635033530851705,left,0.5257,0.5059,0.1254,31.45,0.4359,0.7525,343247
1637617851009743,left,0.4896,0.4397,0.0572,31.23,0.3211,0.7228,156593
1639280144189531,left,0.5494,0.5168,0.1744,26.08,0.5478,0.8945,477166
1643888746968544,left,0.4718,0.1863,0.0374,43.5,0.3129,0.5846,102307
1645088613141377,left,0.4936,0.461,0.0878,34.45,0.4607,0.8146,240303
1646492249847493,left,0.544,0.5316,0.1803,34.21,0.5663,0.8171,493322
1646952663384058,left,0.5099,0.46,0.1511,22.21,0.5581,0.9291,413392
1647118166273072,left,0.5,0.456,0.1151,29.61,0.3396,0.6726,314857
1648004486557845,left,0.5158,0.4797,0.1607,36.67,0.5161,0.8433,439828
1650117639308295,left,0.5252,0.5015,0.0688,21.38,0.3733,0.5521,188357
1657209362119005,left,0.5173,0.4817,0.1561,25.5,0.3176,0.883,427154
1658547222251932,left,0.5227,0.498,0.1428,21.44,0.5676,0.8469,390671
1659388615041086,left,0.4773,0.4442,0.0354,21.63,0.3766,0.8298,96856
1663410808354336,left,0.4847,0.4165,0.094,13.24,0.3182,0.5065,257288
1665175641119366,left,0.4941,0.4293,0.0636,36.28,0.375,0.7531,174131
1666376207682771,left,0.5069,0.4689,0.0626,30.22,0.3818,0.871,171172
1671855550325076,left,0.4872,0.4634,0.0826,18.3,0.4286,0.882,226164
1672071113754869,left,0.4956,0.2732,0.0822,28.06,0.4468,0.8347,225053
1672866870220354,left,0.5301,0.4946,0.1164,32.56,0.5593,0.9405,318411
1675499350481480,left,0.587,0.5583,0.1315,32.05,0.3841,0.6049,359765
1677645109873829,left,0.4906,0.4817,0.0912,20.73,0.4762,0.7378,249524
1692239191738926,left,0.4684,0.2055,0.0194,39.07,0.3571,0.5468,53115
1714212816230732,left,0.5776,0.5287,0.1753,25.88,0.4444,0.8515,479674
1725896961699658,left,0.5366,0.4832,0.1292,25.91,0.4017,0.6847,353606
1742282276730947,left,0.4881,0.4555,0.0361,36.1,0.3125,0.4682,98823
1752836619007240,left,0.544,0.5203,0.1608,35.41,0.4412,0.8619,439958
1765820160752189,left,0.499,0.2861,0.0992,17.24,0.4595,0.9568,271522
1779740016027214,left,0.4802,0.4491,0.0667,30.24,0.3299,0.5792,182581
1780366265976540,left,0.5227,0.4832,0.138,26.81,0.3906,0.9182,377551
1792858938064595,left,0.5178,0.4748,0.1164,18.09,0.4286,0.8212,318400
1792928628760291,left,0.5222,0.4872,0.0287,38.03,0.4318,0.3574,78584
1793133204980152,left,0.5296,0.4842,0.14,32.28,0.4793,0.7712,383140
1796304477726613,left,0.5124,0.4763,0.0908,25.21,0.3636,0.5326,248377
1797318447624273,left,0.5035,0.2441,0.0476,26.53,0.3168,0.5895,130260
1805858450121103,left,0.5346,0.4783,0.1545,33.0,0.3714,0.9132,422656
1806901683348914,left,0.4921,0.1996,0.0568,34.1,0.3636,0.7807,155363
1806943120017447,left,0.4911,0.4501,0.0977,27.23,0.56,0.8591,267336
1808432099856251,left,0.504,0.4748,0.0801,37.09,0.4487,0.8227,219143
1809899239707760,left,0.5178,0.4852,0.1608,24.37,0.5217,0.8311,440121
1813138159349328,left,0.6438,0.6141,0.1729,32.17,0.2929,0.4802,473067
1816017949059117,left,0.4857,0.4402,0.0897,30.65,0.3455,0.6112,245388
1817533135623273,left,0.4931,0.4926,0.1304,24.26,0.5435,0.8343,356696
1818747878811544,left,0.5405,0.5059,0.1025,31.29,0.369,0.6917,280405
1819863378707823,left,0.503,0.4738,0.0965,28.38,0.4902,0.8675,264117
1825896141450886,left,0.4995,0.4086,0.0818,21.88,0.4253,0.8636,223766
1831449914189316,left,0.5198,0.2218,0.0721,42.61,0.3372,0.6916,197240
1833236913994278,left,0.5119,0.2307,0.0544,28.98,0.4235,0.6949,148940
1833403564034723,left,0.5336,0.499,0.1317,42.09,0.3667,0.6926,360401
1837556976895377,left,1.0,0.9995,0.104,22.1,0.4375,0.7329,284695
1839875673380248,left,0.5331,0.4649,0.1759,21.36,0.5455,0.9288,481255
1846555882686600,left,0.499,0.4452,0.0709,34.15,0.4667,0.8432,193885
1847518265954889,left,0.4916,0.4407,0.1145,20.17,0.3103,0.4469,313396
1849311509121493,left,0.498,0.4664,0.0814,25.39,0.5877,0.8718,222810
1853082572008459,left,0.4886,0.4511,0.0902,27.94,0.3571,0.8826,246780
1854834005164617,left,0.5385,0.3123,0.0455,34.94,0.3431,0.2832,124446
1855036105147629,left,0.496,0.2263,0.1046,22.18,0.4643,0.834,286291
1859839487982716,left,0.5099,0.164,0.0456,20.39,0.3968,0.7874,124764
1864139864225360,left,0.502,0.4585,0.0624,28.92,0.3488,0.8575,170806
1869474633690368,left,0.5455,0.4926,0.1181,38.68,0.404,0.8063,323255
1873793503259738,left,0.4911,0.4545,0.1232,26.75,0.4286,0.8929,337150
1874658056746065,left,0.4891,0.2263,0.0206,28.67,0.3538,0.6823,56461
1879579902663418,left,0.4926,0.4659,0.1563,22.24,0.5385,0.7874,427604
1883530372297446,left,0.4867,0.4541,0.0443,26.57,0.3176,0.4738,121173
1888191531782605,left,0.4886,0.414,0.1121,25.04,0.3519,0.8072,306667
1898549157453356,left,0.5143,0.4659,0.1205,24.25,0.3913,0.9282,329816
1902198201174691,left,0.5509,0.5212,0.0915,25.88,0.4,0.7739,250339
1902361157032663,left,0.4916,0.1907,0.0835,27.83,0.3881,0.9316,228375
1903219950564423,left,0.496,0.4689,0.1116,29.85,0.4933,0.906,305519
1909659836329062,left,0.4911,0.4585,0.0665,16.03,0.3077,0.7809,182006
1912610199462557,left,0.5227,0.4807,0.1358,24.01,0.4103,0.7732,371676
1913323989319236,left,0.5035,0.4704,0.1355,19.99,0.4474,0.8947,370696
1920436508847498,left,0.4827,0.3903,0.0319,31.22,0.3529,0.1604,87311
1921674285095721,left,0.499,0.456,0.0757,19.94,0.3404,0.861,207080
1921945082537056,left,0.4946,0.2372,0.0432,39.51,0.3846,0.5184,118143
1923209559076013,left,0.5025,0.4259,0.103,19.15,0.3766,0.9026,281793
1925735284695606,left,0.4891,0.4605,0.1119,29.17,0.4756,0.7706,306172
1925938285023282,left,0.5079,0.4274,0.1055,29.76,0.369,0.5969,288687
1927580108186516,left,0.4797,0.2194,0.0407,42.15,0.338,0.7366,111464
1929530577939423,left,0.5064,0.459,0.0871,18.15,0.4096,0.7789,238451
1932371080963155,left,0.5494,0.498,0.1707,27.49,0.3465,0.3429,467240
1933479480908877,left,0.4832,0.456,0.0914,21.48,0.3953,0.8823,250065
1934999747098672,left,0.4926,0.462,0.1187,21.5,0.3778,0.8258,324813
1935408714023889,left,0.5474,0.5074,0.1443,34.67,0.4923,0.8633,394761
1937508867194790,left,0.5,0.4595,0.0569,32.4,0.4386,0.8376,155759
1939348933659539,left,0.5138,0.4792,0.0783,24.53,0.6604,0.7198,214254
1939457446978586,left,0.4901,0.4486,0.0456,34.58,0.381,0.346,124847
1941813423103239,left,0.545,0.5005,0.1114,29.84,0.5,0.8805,304780
1941945686675363,left,0.496,0.4239,0.0324,32.94,0.3529,0.4353,88564
1944790573127091,left,1.0,0.9669,0.1628,29.16,0.5778,0.8393,445416
1945053652888990,left,0.5489,0.5044,0.1443,32.49,0.5556,0.9165,394964
1950921832512227,left,0.5035,0.4654,0.0892,33.47,0.3718,0.686,244217
1953407378618160,left,0.5514,0.5025,0.1636,36.48,0.5075,0.7957,447644
1953605509370365,left,0.5148,0.4427,0.0405,30.8,0.3554,0.3155,110922
1953813421869295,left,0.5805,0.5232,0.0745,26.09,0.4038,0.4586,203914
1957120565232814,left,0.503,0.4264,0.1336,17.64,0.3896,0.7637,365626
1961796694768196,left,0.5079,0.4466,0.0548,27.47,0.3577,0.8187,149970
1962586357939971,left,0.5751,0.5445,0.1455,26.95,0.4615,0.6194,398289
1964879987398920,left,0.4886,0.4526,0.1196,18.97,0.4524,0.9412,327307
1966402340922467,left,0.5489,0.5227,0.0789,23.98,0.6034,0.6791,215879
1966553673908321,left,0.5548,0.5114,0.1307,37.72,0.5825,0.8831,357779
1966728300943947,left,0.5109,0.2708,0.1208,20.48,0.5122,0.8613,330613
1967680834093415,left,0.498,0.4457,0.066,22.11,0.3167,0.6226,180731
1970566516861642,left,0.4921,0.4708,0.078,34.97,0.377,0.4089,213432
1971515097043011,left,0.498,0.4427,0.0938,26.3,0.4545,0.8587,256768
1971524160385278,left,0.4985,0.4595,0.1166,26.96,0.4167,0.9297,319137
1973644563495710,left,0.4906,0.4353,0.1118,22.06,0.3514,0.8523,306051
1979519106332591,left,0.5257,0.2999,0.0548,34.15,0.3984,0.5829,149914
1982438192616297,left,0.5272,0.4827,0.1138,27.95,0.4316,0.9002,311544
1987930478797928,left,0.4842,0.4615,0.1006,24.69,0.4615,0.8394,275404
1989219704963045,left,0.5771,0.538,0.187,48.25,0.4037,0.6497,511785
1989587184940422,left,0.4891,0.3429,0.115,18.13,0.5227,0.9626,314658
1997573460824732,left,0.5331,0.4951,0.1584,31.54,0.3718,0.8612,433336
2003324133939197,left,0.4605,0.416,0.0452,23.13,0.44,0.7269,123651
2003530596872081,left,0.5267,0.4896,0.1108,32.31,0.4554,0.8607,303188
2012348956164888,left,0.5301,0.5296,0.1413,30.98,0.4636,0.3735,386679
2012900589270037,left,0.5084,0.4817,0.1066,17.74,0.4595,0.8725,291637
2016892922487618,left,0.5361,0.4995,0.1225,37.98,0.4171,0.8242,335283
2023261624886089,left,0.6838,0.6324,0.1742,34.56,0.3409,0.3828,476755
2027996808117472,left,0.5746,0.5217,0.1791,29.99,0.5106,0.8722,490100
2028588434375563,left,0.4965,0.4728,0.0876,28.89,0.3725,0.8057,239844
2029691504268404,left,0.5504,0.4886,0.0498,38.14,0.3193,0.6513,136318
2030361164196097,left,0.4867,0.4615,0.1115,25.92,0.4432,0.7326,305045
2031018597679061,left,0.4951,0.4605,0.0802,21.13,0.5905,0.8931,219333
2034632727394646,left,0.4876,0.4649,0.1101,29.91,0.4615,0.8588,301232
2035613760694101,left,0.5415,0.4975,0.1334,38.41,0.3896,0.7998,364938
2035731086987244,left,0.5044,0.4753,0.0217,35.3,0.4242,0.3955,59333
2037452827207461,left,0.5035,0.4555,0.0902,30.29,0.4153,0.8385,246930
2042170446575558,left,0.5395,0.499,0.1448,28.75,0.4674,0.8007,396198
2050356179151510,left,0.5198,0.5064,0.1268,25.77,0.5811,0.9491,346977
2051827602332727,left,0.5296,0.4965,0.102,27.32,0.5333,0.7347,279188
2052274395563363,left,0.4956,0.4442,0.1066,18.03,0.4321,0.8069,291577
2056142318497163,left,0.4792,0.4348,0.0397,37.32,0.4189,0.4512,108529
2060721374781766,left,0.4901,0.4536,0.0531,26.7,0.3088,0.9209,145391
2061741804616985,left,0.6156,0.5889,0.0649,27.79,0.4861,0.6439,177577
2067508737369431,left,0.5005,0.4758,0.1163,24.6,0.5161,0.8241,318113
2076032736553621,left,0.5247,0.4906,0.1452,28.99,0.4225,0.8906,397204
2077018436422153,left,0.5188,0.4896,0.1581,34.44,0.3761,0.8285,432724
2077774999641264,left,0.5272,0.4886,0.1519,23.51,0.5,0.9627,415687
2080279266063760,left,0.4911,0.4541,0.0711,35.38,0.3816,0.6665,194675
2081528746022668,left,0.5188,0.4244,0.0909,35.99,0.3563,0.8879,248786
2090463178395884,left,0.5282,0.497,0.0936,26.84,0.3529,0.4709,256176
2091788491357333,left,0.5603,0.5277,0.1252,37.18,0.5479,0.8414,342580
2092468408221857,left,0.4797,0.4699,0.1074,15.38,0.4884,0.8073,294021
2094333128057638,left,0.9797,0.9363,0.1351,19.5,0.4198,0.8437,369708
2096708007793193,left,0.5331,0.4595,0.1325,22.69,0.4211,0.851,362524
2097603177698218,left,0.501,0.4625,0.1304,20.12,0.5604,0.941,356856
2102720863793656,left,0.5257,0.3888,0.0947,19.66,0.5673,0.934,259218
2105621613582738,left,0.5282,0.5064,0.1066,41.34,0.4286,0.6988,291783
2110237746471759,left,0.5035,0.4674,0.1802,25.29,0.354,0.252,493184
2110289229506518,left,0.4931,0.4679,0.1181,29.52,0.3415,0.5341,323072
2111034766098477,left,0.4911,0.4486,0.1174,21.12,0.4706,0.9064,321265
2112766746131292,left,0.4891,0.4634,0.103,21.32,0.3824,0.6126,281793
2117652189032184,left,0.5341,0.3923,0.1513,35.41,0.4352,0.916,414100
2118263178907946,left,0.4926,0.2648,0.0881,20.57,0.4833,0.9813,241083
2120070032102301,left,0.5069,0.5064,0.0836,25.46,0.5303,0.835,228843
2131308661056415,left,0.5049,0.4664,0.0759,32.1,0.3333,0.6568,207722
2138606653572871,left,0.5445,0.499,0.1431,27.15,0.4433,0.6891,391526
2138744600229190,left,0.5583,0.5203,0.1097,21.88,0.4808,0.8479,300313
2141771109911763,left,0.4812,0.4753,0.0451,22.93,0.32,0.6033,123320
2149541115817472,left,0.503,0.4486,0.1535,30.34,0.3646,0.5449,419929
2150005315768613,left,0.496,0.459,0.088,23.53,0.4681,0.943,240796
2150706065465659,left,0.5158,0.4763,0.1512,32.29,0.3611,0.8829,413750
2151770222322353,left,0.4891,0.4713,0.0817,23.51,0.41,0.8352,223535
2166185964213885,left,0.4901,0.4447,0.092,29.05,0.4545,0.889,251752
2189477504915041,left,0.5336,0.4773,0.1509,31.72,0.3814,0.9041,412836
2219556318571132,left,0.4867,0.4555,0.1087,22.39,0.5217,0.8613,297442
2225188971217956,left,0.4946,0.4526,0.0299,32.26,0.3784,0.7626,81781
2238853403307096,left,0.4926,0.458,0.1202,26.61,0.4865,0.9571,328830
2239560043234926,left,0.539,0.4911,0.1655,21.03,0.5385,0.8994,452923
2253307825496328,left,0.4985,0.461,0.0394,31.18,0.3896,0.5057,107869
2264610484025409,left,0.4985,0.4545,0.111,28.34,0.5789,0.8974,303657
2286498928495021,left,0.4941,0.4753,0.1039,32.78,0.3478,0.5997,284328
2287029911773877,left,0.5306,0.4985,0.0996,31.59,0.4423,0.573,272589
2305478866631529,left,0.5519,0.3384,0.1064,26.05,0.561,0.9398,291108
2311947809280657,left,0.501,0.4471,0.0383,28.67,0.3614,0.67,104686
2313606779133566,left,0.5025,0.4783,0.1239,29.07,0.4602,0.7889,339073
2329391920873851,left,0.5143,0.4797,0.0863,31.0,0.3793,0.8785,236115
2332799747219674,left,0.5188,0.4625,0.1142,25.17,0.3936,0.672,312386
2335116616961046,left,0.5282,0.5212,0.1496,30.22,0.5,0.8923,409276
2342411682927718,left,0.4857,0.4279,0.1199,20.28,0.5294,0.8904,327980
2350436382049233,left,0.5504,0.4921,0.1747,23.42,0.4038,0.5975,477997
2354717114989936,left,0.5534,0.5287,0.1658,27.52,0.5493,0.8357,453624
2364463624069568,left,0.503,0.4773,0.0879,19.74,0.4651,0.7275,240500
2365028200602902,left,0.5183,0.4797,0.1387,26.35,0.3761,0.8138,379424
2373132879823968,left,0.5227,0.4857,0.1371,26.17,0.4079,0.7777,375071
2388695104881758,left,0.4827,0.4501,0.09,25.17,0.4615,0.8205,246365
2392356001192940,left,0.5613,0.5198,0.1463,42.66,0.3667,0.7484,400279
2395531340919764,left,0.5069,0.4758,0.0743,26.23,0.5,0.906,203237
2403224660127890,left,0.5553,0.5435,0.1619,35.07,0.5595,0.8481,442929
2413476975733282,left,0.5203,0.4338,0.0703,27.49,0.375,0.8258,192272
24250524014645977,left,0.4852,0.2777,0.0815,23.95,0.3654,0.7838,222925
2437852359984838,left,0.5188,0.4832,0.0765,28.47,0.3515,0.446,209306
2439029319883313,left,0.5059,0.4788,0.0783,20.53,0.4186,0.7554,214224
2446793329109454,left,0.501,0.4521,0.1205,22.53,0.4902,0.9363,329644
2491281484601232,left,0.5178,0.4802,0.1014,28.46,0.5658,0.7685,277485
24926075520399526,left,0.5301,0.501,0.067,34.51,0.3654,0.5503,183336
2494197157679472,left,0.5005,0.4797,0.0921,27.87,0.5192,0.858,251969
25056061090735579,left,0.5662,0.5405,0.1834,24.19,0.4167,0.477,501801
25078312285182072,left,1.0,0.9526,0.0959,20.54,0.4062,0.7501,262437
25216932961340923,left,0.5568,0.5272,0.1495,27.15,0.4048,0.8901,409075
25333403462999284,left,0.5064,0.4486,0.0922,26.15,0.3868,0.84,252190
25394692796876999,left,0.5351,0.5069,0.1299,32.61,0.5529,0.8961,355473
25444593075213001,left,0.5534,0.5168,0.1183,20.84,0.2844,0.6819,323742
25552944791031238,left,0.4921,0.2885,0.1078,18.68,0.5,0.8985,295043
25567662999593838,left,0.5133,0.4531,0.0765,33.87,0.3818,0.8291,209409
25571553222514931,left,0.5173,0.5069,0.1621,23.11,0.5444,0.7834,443464
25585498311110676,left,0.4872,0.4526,0.0848,23.63,0.5789,0.909,232009
25648848208111094,left,0.4995,0.455,0.1174,21.01,0.5441,0.8757,321178
25661632140198133,left,0.498,0.2782,0.1296,19.44,0.52,0.9311,354735
25664075729916144,left,0.4906,0.2337,0.0607,35.72,0.375,0.708,166045
25688353324182506,left,0.5296,0.5025,0.1416,29.23,0.4524,0.5253,387557
25699868116289391,left,0.461,0.2105,0.0376,38.01,0.3673,0.6477,102966
25701781929453354,left,0.5257,0.4822,0.1169,25.35,0.5088,0.8692,319765
25701800862792233,left,0.5282,0.497,0.1469,40.54,0.4274,0.4405,401990
25739800855688201,left,0.5361,0.496,0.1003,35.22,0.5227,0.6626,274384
2577937799250423,left,0.4837,0.4476,0.0503,29.06,0.3182,0.7479,137667
25806640658957860,left,0.5311,0.4521,0.1297,31.53,0.5,0.8649,354992
25839137239054871,left,0.5212,0.4644,0.1392,37.04,0.359,0.8237,380920
25883774657913356,left,0.4783,0.4145,0.0751,33.68,0.44,0.7624,205387
25941159168812453,left,0.4896,0.459,0.1137,17.17,0.449,0.8704,311092
25948116811448741,left,0.4985,0.4634,0.102,30.81,0.5152,0.8571,279075
26041685642137829,left,0.5272,0.4664,0.0275,32.13,0.375,0.5899,75178
2606605919714336,left,0.5193,0.4778,0.0778,35.0,0.4082,0.7494,212911
26093257443625819,left,0.4758,0.211,0.0209,37.91,0.2778,0.3223,57326
26170091092615244,left,0.5568,0.5227,0.0784,27.67,0.413,0.6333,214646
26186658230952935,left,0.5227,0.3142,0.142,24.98,0.4,0.8964,388633
26191595990433365,left,0.5163,0.4783,0.108,31.96,0.4488,0.8883,295579
2623435681362850,left,0.5385,0.5015,0.1328,39.38,0.5306,0.8405,363454
26327141133560595,left,0.4867,0.4629,0.091,31.43,0.4156,0.7849,249110
26384959721101956,left,0.496,0.4338,0.0493,28.21,0.2716,0.8402,135031
26418006931137350,left,0.5025,0.4659,0.0774,38.26,0.3636,0.5053,211669
26491114927156578,left,0.4876,0.4649,0.0705,25.2,0.4314,0.5498,192811
26599201713001565,left,0.499,0.4452,0.1331,23.27,0.5217,0.8823,364106
26603202785948025,left,0.4817,0.4545,0.0696,20.82,0.4639,0.7564,190453
2661131714256130,left,0.5064,0.2796,0.109,21.03,0.3696,0.8692,298292
2664538753926429,left,0.5173,0.4911,0.1078,29.97,0.487,0.7686,294998
26773421845591290,left,0.5346,0.4975,0.1569,32.88,0.5571,0.8412,429318
2693278954398295,left,0.5203,0.503,0.126,28.2,0.5772,0.9468,344899
2699873210361170,left,0.5148,0.2569,0.057,28.65,0.337,0.5324,156078
2700694493631894,left,0.5371,0.4792,0.1394,29.63,0.35,0.4676,381534
2703105243402391,left,0.5035,0.3271,0.1554,25.78,0.3235,0.4568,425312
2708091806211436,left,0.501,0.461,0.0703,33.32,0.3956,0.8631,192326
2712677959095926,left,0.5232,0.4788,0.1477,19.82,0.5319,0.854,404108
2725775701107128,left,0.5711,0.538,0.0656,27.51,0.4375,0.6139,179471
2730740243957222,left,0.5044,0.4669,0.1266,22.05,0.4737,0.8863,346463
2734308896915290,left,0.5025,0.4654,0.0993,22.79,0.4235,0.8555,271787
2740385472989423,left,0.4758,0.1378,0.003,38.14,0.3088,0.5979,8081
2751006968584259,left,0.5904,0.5716,0.1765,15.38,0.5217,0.8485,482864
2760740610928167,left,0.5079,0.4753,0.1161,22.68,0.4219,0.9438,317709
2763917033951403,left,0.4862,0.2653,0.1061,16.56,0.5,0.8337,290438
2873726119497336,left,0.4634,0.1868,0.0257,36.7,0.3514,0.4856,70444
2901205776755471,left,0.5351,0.2925,0.1246,39.74,0.3692,0.8244,340894
2987573378095522,left,0.5459,0.5074,0.12,39.05,0.4249,0.7905,328435
3044887025696264,left,0.5331,0.5,0.1633,31.25,0.3934,0.8033,446807
3052473075143041,left,0.4832,0.4466,0.0537,22.45,0.5476,0.8959,146878
3058767840979538,left,0.5346,0.5,0.1003,26.32,0.3333,0.4709,274442
3104696489736870,left,0.4901,0.4664,0.1045,23.69,0.4754,0.8241,286065
3171533006351171,left,0.5198,0.4832,0.1123,30.77,0.5111,0.9091,307283
3193342847515454,left,0.5499,0.5124,0.1761,22.47,0.4792,0.8958,481837
3204277253113190,left,1.0,0.9427,0.0917,30.07,0.3646,0.8966,251042
3242196589269908,left,0.4965,0.246,0.1011,23.79,0.3385,0.8027,276791
3269990629842972,left,0.5232,0.4857,0.1278,21.92,0.3065,0.719,349663
33328808083430627,left,0.5025,0.4639,0.1369,26.25,0.55,0.9242,374562
3342854589210095,left,0.5188,0.4679,0.1286,31.44,0.5152,0.8786,351907
33513141465000059,left,0.5296,0.4807,0.083,30.24,0.4762,0.8381,227053
3354187268066818,left,0.5114,0.4664,0.0616,33.76,0.3678,0.7968,168519
33745680981714381,left,0.5272,0.4985,0.1335,31.86,0.3876,0.6184,365429
3420921911395480,left,0.4881,0.4496,0.1041,24.76,0.3611,0.8675,284804
3422689467880403,left,0.5336,0.496,0.094,32.04,0.4685,0.5989,257339
3422712127883033,left,0.4956,0.4541,0.1018,21.63,0.443,0.9125,278515
3449652278532239,left,0.4857,0.2554,0.0814,28.91,0.4167,0.768,222663
3537144276423401,left,0.4995,0.4625,0.1074,23.67,0.3977,0.9076,293835
3544245925730007,left,0.5025,0.4511,0.0686,28.9,0.4,0.8525,187666
3747893192012995,left,0.4886,0.4284,0.1294,19.32,0.4316,0.8168,354145
3780342608764844,left,0.4832,0.4476,0.0929,17.04,0.4583,0.8138,254135
3780417575586185,left,0.503,0.4708,0.0682,26.85,0.5149,0.8357,186516
3835609443410303,left,0.5667,0.5168,0.1602,44.75,0.3505,0.4725,438464
3851669228461074,left,0.4842,0.4437,0.0765,26.74,0.4865,0.783,209368
3866820313452639,left,0.4837,0.2184,0.0955,18.1,0.525,0.9064,261373
3931034900360161,left,0.5311,0.5049,0.1361,27.86,0.5205,0.8208,372334
4113205652324791,left,0.5963,0.5667,0.065,36.97,0.4737,0.5482,177998
4124858381178179,left,0.4778,0.4407,0.0751,28.91,0.5294,0.7493,205568
4143531819296326,left,0.4802,0.2574,0.0967,17.57,0.506,0.8385,264564
4148850018762892,left,0.4842,0.4298,0.0296,37.56,0.3871,0.4161,81078
4177067155891740,left,0.4946,0.4941,0.1066,25.78,0.5102,0.7937,291601
4221476841450544,left,0.5336,0.502,0.1328,37.29,0.4505,0.8095,363502
4233532136899053,left,0.4867,0.4486,0.0576,19.6,0.4286,0.9563,157685
4234344016832144,left,0.4827,0.206,0.0335,33.05,0.3016,0.6147,91658
4236866639909907,left,0.4748,0.3839,0.0051,29.08,0.3543,0.1458,13857
4250825518501653,left,0.5296,0.4783,0.1451,32.05,0.4348,0.924,397188
4251259025148910,left,0.4807,0.4417,0.0506,31.46,0.3485,0.5945,138500
4269472303325068,left,0.4817,0.4639,0.0889,21.84,0.4545,0.8301,243283
4270470343222418,left,0.5232,0.4891,0.1567,30.33,0.4143,0.7426,428874
4271586993155109,left,0.4906,0.4629,0.1258,24.53,0.5978,0.9287,344370
4279574429036511,left,0.496,0.4185,0.0825,32.38,0.3521,0.7936,225816
4281526462100918,left,0.543,0.503,0.1578,28.98,0.5556,0.8858,431687
4293511804128836,left,0.499,0.4679,0.0367,35.11,0.3333,0.4421,100427
4313029822241818,left,0.5252,0.4684,0.1175,28.52,0.3529,0.8552,321665
4318195948417790,left,0.5138,0.2658,0.0363,35.15,0.3134,0.7056,99359
4336135309965173,left,0.5351,0.5059,0.1275,24.17,0.5556,0.6999,348844
4339624979615829,left,0.6853,0.6319,0.2015,32.13,0.2816,0.4592,551466
4378914702378975,left,0.5074,0.4595,0.0342,21.54,0.3333,0.4448,93495
4390629097831496,left,0.4995,0.1961,0.0029,34.53,0.1506,0.4748,7891
4394130860815894,left,0.5573,0.5242,0.0416,34.08,0.3611,0.4406,113726
4458581757694788,left,0.5089,0.167,0.054,30.5,0.3085,0.5156,147739
4502120300019880,left,0.5173,0.4768,0.1564,24.47,0.5652,0.9138,427929
4551722308478078,left,0.5336,0.5331,0.1336,27.25,0.5,0.8892,365454
4579844412299098,left,0.5499,0.5,0.1056,31.5,0.4757,0.9033,289079
4913397228887113,left,0.5371,0.499,0.1046,33.22,0.4722,0.8648,286228
4981647052062536,left,0.5188,0.462,0.0771,18.13,0.5349,0.7745,210983
669938902797634,left,0.4995,0.3992,0.0963,40.03,0.3924,0.9001,263592
683414851428765,left,0.5741,0.538,0.1422,34.37,0.4423,0.5733,389111
704800292569258,left,0.4906,0.2248,0.0656,34.28,0.4384,0.7527,179624
705936799122000,left,0.4862,0.4644,0.1186,18.18,0.45,0.9012,324659
706885022358508,left,0.4867,0.42,0.0652,22.15,0.381,0.7514,178409
707973002251495,left,0.498,0.4437,0.1429,17.45,0.4478,0.9218,391156
709117545466156,left,0.4862,0.4481,0.1182,18.32,0.5278,0.9145,323492
721572610833154,left,0.625,0.5968,0.1731,33.3,0.2778,0.4665,473546
725038840464655,left,0.4951,0.4392,0.1012,20.05,0.3676,0.6568,276994
725848043695914,left,0.497,0.4664,0.1137,28.99,0.5,0.7902,311021
725897310374625,left,0.5351,0.4862,0.1493,32.05,0.4085,0.8841,408483
725996063702259,left,0.4946,0.4654,0.1051,28.75,0.5313,0.8098,287682
730192739883112,left,0.5109,0.4812,0.1149,27.04,0.5952,0.9095,314336
730227719887771,left,0.5059,0.4773,0.0957,22.16,0.5333,0.8715,261749
731038343127085,left,0.5499,0.5168,0.069,28.86,0.4932,0.5848,188708
732908866263448,left,0.5188,0.4264,0.0772,29.77,0.3494,0.8769,211350
733541009818888,left,0.4797,0.2154,0.0288,36.91,0.3153,0.554,78864
734749159406182,left,0.6418,0.6186,0.123,26.28,0.4179,0.5825,336473
735835632609466,left,0.5326,0.4911,0.0635,28.77,0.3797,0.6378,173696
738252362688192,left,0.4931,0.4926,0.1012,25.06,0.4615,0.8336,276967
739171035581230,left,0.5069,0.1334,0.0389,22.84,0.4667,0.9203,106495
739277652583996,left,0.4847,0.4219,0.0811,19.59,0.4396,0.8844,221995
741164925341216,left,0.5356,0.4916,0.1499,27.01,0.4684,0.8734,410085
741579452362318,left,0.4946,0.2036,0.0487,32.99,0.3861,0.8413,133235
743717461730776,left,0.5543,0.5178,0.1248,36.56,0.4727,0.8786,341637
743860451691243,left,0.5296,0.5005,0.1351,30.28,0.487,0.8714,369774
744818428323140,left,0.4985,0.4718,0.0926,26.12,0.5065,0.8354,253411
745087365340549,left,0.5232,0.4812,0.1309,29.17,0.3553,0.5591,358263
752698047883079,left,0.5627,0.5252,0.144,24.59,0.473,0.6526,394170
753419470696491,left,0.5351,0.4975,0.168,42.43,0.4444,0.8036,459643
753847067763219,left,0.5138,0.4896,0.1681,23.26,0.5088,0.7883,460123
756141167538197,left,0.5178,0.4649,0.1285,23.32,0.4579,0.9061,351585
759419547204541,left,0.5099,0.418,0.0327,26.52,0.3205,0.7144,89448
761763966944879,left,0.501,0.4516,0.0941,28.76,0.3793,0.8138,257450
762336393038066,left,0.5049,0.4733,0.0897,25.56,0.4157,0.8323,245451
764933119986483,left,0.6265,0.5894,0.0708,38.15,0.4062,0.6019,193804
766163502633293,left,0.5124,0.4763,0.1049,20.95,0.4286,0.8782,287170
766470056495805,left,0.5702,0.5114,0.1049,38.56,0.5,0.6338,286987
766808729774246,left,0.5212,0.4896,0.1256,34.38,0.5122,0.8586,343563
768560532392268,left,0.4926,0.4457,0.0823,26.26,0.5,0.9451,225207
768671876252120,left,0.5553,0.5168,0.1578,37.21,0.5238,0.8665,431694
769264602280189,left,0.4872,0.2322,0.081,26.06,0.3117,0.7759,221756
769895578888204,left,0.5588,0.538,0.16,40.14,0.4713,0.8074,437900
772062852617587,left,0.5148,0.4788,0.0989,25.85,0.4795,0.8522,270509
775857785537908,left,0.4862,0.4412,0.0725,20.01,0.625,0.9691,198497
776289251497976,left,0.4832,0.1848,0.0341,16.71,0.3667,0.8421,93296
776506228144554,left,0.5341,0.5025,0.1455,32.83,0.5333,0.9004,398214
777354485420738,left,0.5059,0.4694,0.0926,19.1,0.4844,0.8152,253491
778826955230634,left,0.4822,0.2703,0.1136,16.72,0.4872,0.9494,310870
780310031763691,left,0.5692,0.5316,0.1461,26.65,0.5185,0.8456,399745
780378168408596,left,0.5375,0.5044,0.1026,28.97,0.5517,0.7873,280632
782836467450257,left,0.5074,0.4634,0.0944,22.35,0.4667,0.9344,258284
783636614024919,left,0.5292,0.4857,0.1089,32.85,0.4677,0.8459,298000
787514631032202,left,0.5296,0.4847,0.1572,28.47,0.5238,0.8692,430108
788008950976723,left,0.5257,0.4936,0.1234,34.77,0.5192,0.8327,337695
788960080881077,left,0.5005,0.457,0.1208,22.26,0.3014,0.5182,330492
802277612872346,left,0.5257,0.4708,0.0317,30.92,0.3594,0.5475,86706
809490988772221,left,0.4649,0.33,0.0304,39.76,0.3039,0.6265,83306
812368751814751,left,0.5504,0.5217,0.159,32.9,0.5,0.8546,434987
812598981798057,left,0.5647,0.3463,0.1298,33.06,0.5111,0.8528,355186
815308131535296,left,0.5,0.4066,0.0422,29.23,0.2424,0.8232,115570
817247831367173,left,0.5,0.4422,0.0593,31.13,0.3214,0.7533,162345
818237400674947,left,0.504,0.4797,0.0551,33.34,0.4146,0.4845,150771
820352581059181,left,0.5163,0.4783,0.1355,21.23,0.5155,0.8729,370657
820765401012988,left,0.504,0.4708,0.1128,27.75,0.3226,0.5606,308602
822606180827461,left,0.5652,0.5445,0.1102,25.36,0.4062,0.382,301591
823016854123839,left,0.5089,0.2693,0.0906,30.42,0.3958,0.6295,247938
824049470664405,left,0.4926,0.4541,0.1247,21.99,0.45,0.934,341125
825440233878933,left,0.4872,0.4575,0.0771,22.56,0.4167,0.8969,210880
826447323739922,left,0.5005,0.5,0.0587,23.69,0.3789,0.6937,160707
827086683638668,left,0.5583,0.5138,0.1036,45.54,0.3645,0.5837,283453
829269450171125,left,0.4827,0.4822,0.0762,30.78,0.3621,0.4144,208409
832433259841820,left,0.4832,0.4392,0.0456,31.26,0.3247,0.7675,124711
833166113099392,left,0.5539,0.5178,0.0462,37.88,0.3871,0.385,126440
834593096218764,left,0.4941,0.3883,0.0634,36.94,0.3651,0.6313,173363
834905229531696,left,0.5267,0.1966,0.0821,33.85,0.4478,0.8846,224725
838522419233683,left,0.5721,0.5336,0.1915,23.95,0.4535,0.7621,524089
838875735782466,left,0.5267,0.4886,0.1077,28.26,0.4727,0.7712,294605
840378558960771,left,0.4837,0.4466,0.1045,20.3,0.5556,0.9062,286031
846056184934419,left,0.4812,0.4373,0.083,29.2,0.4286,0.8428,227063
853309764370593,left,0.4926,0.4921,0.1035,26.63,0.5172,0.8388,283353
853329650843806,left,0.5188,0.4975,0.1109,29.85,0.5763,0.959,303582
856875840572599,left,0.5667,0.5203,0.1763,25.02,0.3396,0.6538,482449
857620697267253,left,0.4867,0.457,0.1021,17.81,0.4819,0.8337,279391
859315216980472,left,0.5613,0.5143,0.13,27.43,0.4894,0.9964,355725
859478193557137,left,0.501,0.4664,0.0414,33.16,0.3739,0.8065,113325
860079123683167,left,0.5059,0.4773,0.1414,26.89,0.3704,0.7617,386968
862613369732220,left,0.5049,0.4654,0.1027,28.72,0.315,0.7509,280962
862925006638470,left,0.4886,0.4541,0.033,22.67,0.3148,0.542,90385
863443923345163,left,0.5173,0.4797,0.1441,22.12,0.3663,0.7357,394325
864070806605516,left,0.5489,0.5232,0.1286,38.47,0.4494,0.8687,351987
864814853096805,left,0.5257,0.4965,0.0969,25.91,0.5405,0.8848,265055
865658012909007,left,0.5188,0.4308,0.0796,31.13,0.35,0.8698,217827
867288472733249,left,0.4995,0.2959,0.1423,15.7,0.4615,0.8447,389438
867488419501523,left,0.6749,0.6546,0.1314,38.52,0.4245,0.6494,359699
867771506149754,left,0.4857,0.4457,0.1187,25.1,0.4444,0.8876,324751
867815042544173,left,0.4852,0.4254,0.0442,39.44,0.3818,0.6103,121087
868289999506142,left,0.5578,0.5573,0.0834,20.85,0.36,0.6695,228281
869418229167168,left,0.4936,0.3982,0.0564,30.08,0.2917,0.7676,154445
869626152659945,left,0.4936,0.4501,0.0942,20.24,0.4038,0.802,257674
869688112493061,left,0.5504,0.5272,0.0825,25.73,0.4074,0.7192,225836
870633559043213,left,0.5094,0.4881,0.16,23.14,0.525,0.8451,437873
870854859149469,left,0.4792,0.4536,0.0889,20.96,0.381,0.8875,243202
871183052310422,left,0.6166,0.58,0.11,32.75,0.3571,0.2603,301059
871341622484180,left,0.5212,0.5208,0.1247,26.03,0.5333,0.8815,341152
872316835553003,left,0.4906,0.4313,0.0591,36.58,0.4375,0.696,161750
872796592202026,left,0.4867,0.4234,0.0951,26.8,0.3962,0.9702,260274
873222258842108,left,0.5188,0.4491,0.033,40.54,0.3784,0.7127,90356
873934735542198,left,0.4916,0.2327,0.0376,34.73,0.3654,0.3726,102831
874194272269704,left,0.498,0.4664,0.0905,28.95,0.3704,0.9246,247525
874727728814249,left,0.5049,0.3113,0.0142,24.25,0.4353,0.7043,38801
874876991843499,left,0.5272,0.4906,0.1593,21.48,0.5417,0.8941,435935
874926071848551,left,0.5524,0.5469,0.1625,29.1,0.5323,0.7904,444742
875035168637325,left,0.5642,0.541,0.1564,28.18,0.5275,0.8261,427880
875338575368044,left,0.5064,0.4733,0.0609,25.09,0.3093,0.7456,166658
875898345258159,left,0.5252,0.4674,0.0963,29.5,0.4321,0.703,263387
876050545027191,left,0.5069,0.2589,0.0978,23.98,0.3038,0.7,267692
876090301798756,left,0.4867,0.3987,0.0347,32.88,0.3804,0.3552,94948
876263124998125,left,0.4921,0.4002,0.0376,26.19,0.2833,0.7666,102891
876356828607956,left,0.4768,0.4447,0.0565,28.05,0.473,0.622,154687
877196918358219,left,0.4891,0.4545,0.1041,22.13,0.3971,0.7447,284885
877201288479684,left,0.5059,0.4728,0.1097,27.45,0.3721,0.6536,300076
877662708503890,left,0.5534,0.5084,0.1301,20.25,0.5161,0.8199,356009
877740858334046,left,0.496,0.1907,0.0413,27.05,0.3958,0.6938,113104
879000634749958,left,0.5464,0.502,0.1148,45.93,0.3881,0.7082,314272
879490978124197,left,0.4832,0.4397,0.1028,20.43,0.507,0.8675,281219
879541654658360,left,0.5252,0.4896,0.1401,27.54,0.4043,0.9049,383449
880122781542846,left,0.4832,0.4605,0.0938,20.71,0.5067,0.8817,256705
880261661428597,left,0.4872,0.4545,0.1169,21.79,0.3608,0.6728,319962
880452338286992,left,0.4921,0.461,0.0644,20.84,0.3529,0.8248,176304
880546301540353,left,0.4788,0.4585,0.0886,31.6,0.4167,0.7817,242530
880884658164388,left,0.538,0.5124,0.1101,23.91,0.5429,0.8997,301302
881188421383719,left,0.5099,0.4763,0.0543,26.63,0.3516,0.6414,148719
881550861345165,left,0.4723,0.3814,0.0468,29.18,0.3186,0.6456,128101
882535064523437,left,0.5054,0.455,0.1294,25.52,0.3163,0.6934,354091
882970197669521,left,0.5252,0.4842,0.1293,27.16,0.4355,0.9555,353930
883714951034222,left,0.6739,0.6527,0.1085,26.5,0.431,0.632,296887
883877191235318,left,0.5588,0.5069,0.0986,19.89,0.5213,0.8051,269826
884220704014710,left,0.4862,0.4333,0.1025,22.62,0.381,0.848,280549
884553921142728,left,0.502,0.4491,0.0564,16.33,0.3692,0.6973,154299
884671634368821,left,0.5163,0.4881,0.1235,21.16,0.2987,0.7766,337816
884685654143069,left,0.4881,0.4476,0.1279,18.17,0.4571,0.8393,350093
884920933917013,left,0.5128,0.4812,0.1589,19.52,0.4571,0.7725,434790
885676217517741,left,0.5539,0.5168,0.1677,23.35,0.5714,0.8825,458896
885764073940853,left,0.5672,0.5242,0.1312,31.21,0.5,0.8112,358969
885787614153590,left,0.5702,0.5301,0.1054,50.25,0.3763,0.6336,288338
886356524368498,left,1.0,0.9629,0.1044,26.4,0.4118,0.8823,285686
888040550803360,left,0.5262,0.5257,0.1013,25.58,0.5652,0.9611,277133
888112937402147,left,0.4896,0.4713,0.0543,26.69,0.4259,0.5894,148696
888313200457810,left,0.5499,0.3384,0.126,29.67,0.5556,0.9237,344678
888785626969558,left,0.5015,0.4501,0.0855,22.73,0.4762,0.9137,233918
888991490388805,left,0.5128,0.4753,0.0959,31.09,0.4959,0.8959,262453
890241933381798,left,0.4926,0.4615,0.0926,20.39,0.3861,0.6707,253323
890252827296600,left,0.4827,0.4822,0.0968,23.45,0.3704,0.8148,264886
890327440214527,left,0.5178,0.4654,0.0529,28.34,0.46,0.6863,144844
890431073534517,left,0.5084,0.457,0.1097,32.85,0.3909,0.8003,300264
890570906902228,left,1.0,0.957,0.1076,27.63,0.4182,0.8084,294315
890719746699488,left,0.5178,0.4857,0.0819,25.54,0.4328,0.8098,224190
891015956773950,left,0.4758,0.1299,0.0097,43.82,0.3023,0.8026,26470
891167213503995,left,0.5272,0.4862,0.1608,36.0,0.4551,0.8399,440077
891263326933285,left,0.4837,0.2396,0.037,28.37,0.2308,0.5794,101270
891500126691324,left,0.4842,0.4106,0.0772,27.57,0.5,0.902,211308
892588013733178,left,0.4867,0.4595,0.0772,26.89,0.4369,0.4843,211294
892727883232300,left,0.4985,0.462,0.139,19.81,0.4943,0.9077,380440
893224826397715,left,0.5716,0.5227,0.153,33.09,0.4714,0.7324,418662
894892679901423,left,0.5341,0.4931,0.0861,24.22,0.4689,0.845,235617
895418486374742,left,0.5296,0.4718,0.0683,32.6,0.3636,0.6452,186847
895726659617793,left,0.5114,0.4783,0.1242,22.42,0.5862,0.8991,339994
895988006738470,left,0.5277,0.4723,0.107,41.53,0.358,0.7001,292680
896137263353358,left,0.5267,0.4822,0.1603,27.06,0.4835,0.8092,438763
897823495992129,left,0.5128,0.4689,0.1474,24.32,0.5441,0.8835,403475
898415152564471,left,0.5657,0.5356,0.1755,46.86,0.3929,0.6418,480250
898733102635421,left,0.5099,0.2732,0.1121,16.65,0.4333,0.8316,306863
898865022651215,left,0.543,0.497,0.1169,42.14,0.4516,0.5609,319808
898988149280647,left,0.5277,0.4881,0.1149,26.53,0.6017,0.9094,314442
899113095937471,left,0.4867,0.4491,0.1076,20.78,0.3407,0.4762,294341
899343952485663,left,0.5282,0.4615,0.0797,32.99,0.4051,0.8501,218007
899872859193208,left,0.4847,0.4516,0.0398,27.29,0.3793,0.4061,108907
901089792462068,left,0.4738,0.4343,0.0346,30.58,0.3889,0.7453,94639
901199622295764,left,0.4669,0.375,0.0024,20.07,0.3636,0.0445,6627
901846948883841,left,0.4926,0.4718,0.0734,27.21,0.3782,0.5506,200939
902281576079201,left,0.4708,0.419,0.038,35.12,0.3043,0.5012,104007
902347535779385,left,0.4891,0.4239,0.0546,25.83,0.5,0.8825,149465
903560535445437,left,0.5049,0.4417,0.0925,29.4,0.562,0.8655,253236
904379105292943,left,0.5469,0.5356,0.1118,26.81,0.4324,0.5652,306042
904509078701449,left,0.5203,0.4748,0.0601,26.63,0.3409,0.8389,164471
904728885368409,left,0.5336,0.4847,0.1465,36.71,0.3824,0.5251,400776
904886508674311,left,0.5119,0.4625,0.0922,23.14,0.3426,0.8796,252332
904975705443477,left,0.4728,0.2253,0.0295,38.84,0.2806,0.4571,80596
905140338537139,left,0.4881,0.4308,0.0121,34.51,0.3358,0.3057,33140
905586808821160,left,0.5548,0.5252,0.1032,36.97,0.6,0.8799,282294
905782738477389,left,0.5301,0.4659,0.1416,20.18,0.5465,0.9238,387492
906260522359687,left,0.4906,0.4348,0.0335,36.86,0.3364,0.6397,91780
906548158543065,left,0.4921,0.4461,0.1148,28.27,0.4314,0.9358,314242
907125672319285,left,0.499,0.4713,0.0753,34.7,0.4098,0.7476,206137
907264018369877,left,0.5301,0.5025,0.1404,28.84,0.4727,0.9359,384231
907604095040331,left,0.5104,0.4738,0.092,26.17,0.3736,0.7775,251829
908071511624203,left,0.5217,0.4674,0.1547,28.17,0.4,0.8951,423459
908283241698206,left,0.5198,0.4778,0.1362,21.23,0.4219,0.8008,372665
908377648525423,left,0.4867,0.4536,0.0655,27.67,0.2875,0.5875,179344
909138584952625,left,0.5104,0.4847,0.0899,20.2,0.44,0.8844,245901
909346638269580,left,0.5044,0.4644,0.0925,28.13,0.4756,0.881,253213
909588888729906,left,0.5553,0.4802,0.1589,33.98,0.48,0.8391,434910
909806631434334,left,0.5292,0.4881,0.0914,30.77,0.4468,0.7489,250120
911654724549057,left,0.4946,0.4605,0.0257,32.31,0.3519,0.7855,70273
911692355369091,left,0.5914,0.5716,0.1677,23.35,0.4062,0.354,458980
911843531350415,left,0.4921,0.2164,0.0331,37.61,0.3364,0.5994,90449
911858617950420,left,0.4872,0.457,0.0511,29.04,0.4567,0.4278,139899
911962128182143,left,0.5385,0.501,0.1434,43.36,0.3911,0.8055,392387
912177188010816,left,0.498,0.4496,0.059,29.19,0.3256,0.8019,161448
912502594795629,left,0.502,0.4639,0.1204,21.42,0.4444,0.8963,329558
913540747871783,left,0.501,0.4491,0.0898,23.64,0.3582,0.8755,245785
913906134308823,left,0.5035,0.4437,0.0982,21.89,0.3291,0.6399,268804
914420094495242,left,0.4812,0.2223,0.0493,19.46,0.5075,0.9491,135019
914810257907185,left,0.5336,0.4906,0.1518,26.78,0.439,0.8267,415369
914852261228471,left,0.4827,0.4259,0.0524,27.71,0.2593,0.8521,143432
915184077513956,left,0.5025,0.461,0.1118,37.21,0.4309,0.7137,305842
915545361008671,left,0.4728,0.4185,0.0365,30.74,0.3514,0.3226,99915
915977934198338,left,0.4985,0.4625,0.1314,23.77,0.3789,0.9353,359524
916934590684854,left,0.4911,0.4585,0.081,22.46,0.4719,0.7488,221708
917258457324156,left,0.5272,0.5044,0.1166,27.57,0.381,0.6626,319048
917672970689568,left,0.5341,0.4822,0.0857,34.15,0.3947,0.6448,234562
917766387288117,left,0.5242,0.5237,0.114,34.62,0.3563,0.8202,311958
918801654137525,left,0.5608,0.5242,0.1584,46.97,0.3594,0.7252,433579
919019693810045,left,0.4792,0.4145,0.0051,27.16,0.4225,0.685,13873
920528213875565,left,0.5005,0.4758,0.1028,22.9,0.4524,0.8611,281346
920696376958513,left,0.5553,0.5272,0.1692,37.54,0.4225,0.7555,462894
921284913708758,left,0.6344,0.5543,0.0542,30.28,0.4474,0.681,148394
922351420302817,left,0.545,0.497,0.1358,32.58,0.5063,0.8931,371495
922667660096543,left,0.5064,0.4817,0.1568,21.85,0.4528,0.871,429119
922965443561745,left,0.4847,0.4842,0.0884,26.78,0.4375,0.7864,241896
923680333510674,left,0.4975,0.4758,0.1226,21.03,0.5524,0.8837,335575
924780280111450,left,0.4822,0.2184,0.0878,20.93,0.3617,0.8939,240132
924833386652295,left,0.4881,0.4629,0.1414,21.37,0.4545,0.765,386930
924859386888779,left,0.4827,0.4466,0.0745,25.74,0.4242,0.8041,203917
926256633066657,left,0.4847,0.4708,0.0862,24.0,0.4675,0.8338,235989
927311799628456,left,0.4941,0.4027,0.0459,26.3,0.3291,0.8151,125507
928753649591229,left,1.0,0.8187,0.1623,36.87,0.4406,0.8247,444153
928756092985594,left,0.4891,0.461,0.0828,18.22,0.4658,0.855,226469
929749689723996,left,0.5124,0.4896,0.1371,25.05,0.3761,0.5483,375118
930022269348269,left,0.5198,0.4679,0.1306,34.23,0.3958,0.8222,357461
931194472570947,left,0.5296,0.4941,0.0937,31.59,0.5362,0.9069,256380
931535482543537,left,0.5109,0.2159,0.0981,32.79,0.3474,0.8751,268579
932702896080912,left,0.5035,0.2352,0.0987,18.01,0.439,0.9279,270188
933982593137034,left,0.4827,0.457,0.1012,24.69,0.5312,0.8526,276960
934090222281174,left,0.5326,0.4743,0.1359,33.17,0.4127,0.9367,371774
935029322420905,left,0.4901,0.4896,0.0576,21.63,0.3846,0.5027,157639
935183252296336,left,0.4951,0.4629,0.1408,19.38,0.4091,0.8674,385332
936466612055619,left,0.4956,0.2238,0.0924,17.69,0.4091,0.9723,252716
936697108682884,left,0.4951,0.4946,0.1044,19.94,0.4366,0.7404,285567
938253245300592,left,0.5494,0.5222,0.1078,29.59,0.5568,0.8776,295100
938292119373281,left,0.5188,0.2925,0.0909,36.12,0.4,0.5074,248728
944981745368039,left,0.4827,0.1413,0.0025,38.93,0.2843,0.5973,6866
949134790819169,left,0.4926,0.4723,0.1088,31.46,0.3333,0.7683,297770
953638180326391,left,0.4867,0.2732,0.0809,18.1,0.4643,0.8579,221463
961759896363037,left,0.5109,0.4788,0.094,30.99,0.5,0.8624,257327
974716778583523,left,0.503,0.4669,0.099,22.71,0.4828,0.848,270939
981884341675256,left,0.5193,0.2866,0.1241,29.38,0.5,0.869,339607
982653798265555,left,0.4906,0.4659,0.0644,18.5,0.4286,0.902,176177
997574050097130,left,0.5336,0.496,0.1407,31.95,0.5455,0.956,385065
1008889955635626,right,0.5064,0.5059,0.2735,21.72,0.5897,0.9509,748398
1045168061140704,right,0.502,0.5015,0.1689,21.17,0.5313,0.97,462138
1055448070102819,right,0.5375,0.377,0.0872,19.05,0.2941,0.4576,238693
1056069086705088,right,0.499,0.4857,0.2007,21.56,0.5957,0.9795,549195
1061897109426260,right,0.5652,0.5647,0.2209,34.09,0.5065,0.9391,604434
1071336918472021,right,0.5005,0.3152,0.1258,27.9,0.3433,0.4811,344150
1110095851142186,right,0.6329,0.5064,0.2368,30.75,0.5909,0.9656,647950
1114309697382267,right,0.4876,0.3878,0.1062,25.18,0.3043,0.9463,290689
1133639458707324,right,0.538,0.3048,0.0765,35.96,0.3796,0.5272,209335
1135389745190695,right,0.4916,0.331,0.1046,30.35,0.3462,0.6241,286158
1140620187979882,right,0.5306,0.4501,0.1834,33.23,0.5862,0.9704,501756
1142393844638307,right,0.538,0.4699,0.2168,33.42,0.4925,0.9694,593142
1153001913380843,right,0.5227,0.5148,0.2015,24.39,0.4468,0.9532,551318
1162798089012270,right,0.5578,0.4111,0.2176,24.51,0.375,0.92,595473
1163408215620456,right,0.5553,0.417,0.2113,18.73,0.4872,0.9374,578190
1165943888734077,right,0.5489,0.3928,0.1934,25.93,0.5046,0.9571,529102
1171938791419175,right,0.4965,0.3483,0.0968,24.24,0.3478,0.5837,264855
1173969511565177,right,0.5603,0.4926,0.1871,22.32,0.5952,0.9904,511960
1175049168042736,right,0.502,0.3458,0.1349,19.16,0.3684,0.8897,369071
1175291678091752,right,0.4985,0.3463,0.1106,25.73,0.5714,0.7834,302750
1176552691129952,right,0.5618,0.4872,0.2371,33.86,0.537,0.9164,648694
1176623484496491,right,0.5514,0.4205,0.1794,24.4,0.4407,0.6851,490988
1179609510641120,right,0.539,0.1161,0.0888,23.61,0.5286,0.8025,243096
1181803960363422,right,0.4649,0.2164,0.0079,37.95,0.3125,0.024,21496
1187018473600045,right,0.5613,0.5133,0.1482,23.29,0.2981,0.801,405409
1188461000025104,right,0.4886,0.4629,0.0603,27.38,0.2875,0.3896,164970
1189586202905981,right,0.5958,0.5069,0.2264,23.04,0.4795,0.6726,619494
1190229803225178,right,0.5998,0.5188,0.2234,29.14,0.3936,0.8317,611268
1192324733072700,right,0.6546,0.5514,0.1813,25.88,0.5909,0.9019,496252
1192386179628801,right,0.5247,0.5242,0.1265,23.57,0.4051,0.8115,346034
1192615593033672,right,0.5474,0.4639,0.2243,25.09,0.4787,0.9193,613917
1193907106267199,right,0.5455,0.4427,0.1819,27.42,0.3431,0.6055,497835
1194122639370727,right,0.502,0.4165,0.1884,31.02,0.4711,0.8082,515625
1194151126161377,right,0.5697,0.5692,0.2495,34.6,0.5316,0.9268,682694
1195356732796077,right,0.5188,0.4081,0.1964,28.97,0.48,0.8786,537489
1197147825862299,right,0.5845,0.4847,0.1923,20.75,0.4062,0.7517,526108
1197920609170133,right,0.5366,0.3849,0.1637,22.52,0.5263,0.8747,448070
1198361451959243,right,0.5642,0.4921,0.2124,36.0,0.5398,0.9009,581180
1198731659082918,right,0.5153,0.2955,0.0652,28.95,0.4752,0.7356,178540
1198733872328542,right,0.4817,0.378,0.1409,29.87,0.5,0.937,385429
1199499362393399,right,0.6873,0.5647,0.1672,30.9,0.5865,0.8612,457482
1200843832253021,right,0.5825,0.4565,0.1613,28.08,0.3293,0.7043,441362
1201497864970765,right,0.5499,0.5494,0.2039,26.4,0.6105,0.9827,557990
1202060188252082,right,0.5015,0.3211,0.1152,22.11,0.4667,0.8773,315172
1202175812106906,right,0.5183,0.3651,0.1827,26.09,0.5068,0.933,500014
1202198701570232,right,0.5435,0.3622,0.0059,24.57,0.4298,0.2118,16213
1203198781970697,right,0.5776,0.4625,0.1297,26.31,0.2927,0.979,354883
1205022321210188,right,0.582,0.2806,0.1367,31.02,0.4146,0.7948,373943
1205162115037921,right,0.622,0.4881,0.092,22.4,0.2791,0.8498,251830
1205650385096498,right,0.5168,0.496,0.2518,20.27,0.5938,0.9845,689026
1205741951765173,right,0.5529,0.4659,0.137,26.63,0.3125,0.9623,374885
1207760264260890,right,0.5257,0.3271,0.0928,27.8,0.4384,0.7844,253848
1208105747568400,right,0.5326,0.3468,0.1084,36.27,0.3906,0.8145,296571
1208719320867829,right,0.5568,0.4254,0.1877,28.42,0.4545,0.8974,513562
1208801458091773,right,0.6126,0.6122,0.1772,26.14,0.3548,0.6757,484792
1208892437489251,right,0.5217,0.4358,0.1993,23.48,0.5634,0.9684,545391
1209240028044350,right,0.5222,0.4175,0.1485,20.02,0.4722,0.8896,406474
1210642807893649,right,0.4763,0.29,0.098,31.78,0.4366,0.446,268070
1210786257289347,right,0.5198,0.3424,0.0295,32.87,0.2716,0.52,80832
1211097777899873,right,0.5647,0.5642,0.2266,27.43,0.4468,0.9614,620119
1212888660398678,right,0.5217,0.3691,0.0602,30.07,0.3333,0.8181,164818
1212980840953199,right,0.5198,0.5193,0.247,22.24,0.3768,0.9155,675894
1213101500327911,right,0.7041,0.4501,0.083,16.46,0.4048,0.7602,227015
1213658880908921,right,0.4842,0.4753,0.1766,26.44,0.4091,0.9348,483159
1214496577553463,right,0.5321,0.4526,0.2039,25.77,0.5758,0.9016,557871
1214932530184308,right,0.5124,0.4056,0.1307,22.73,0.4615,0.9055,357724
1215493224006419,right,0.7693,0.6863,0.1573,22.62,0.2727,0.3536,430528
1216221993339951,right,0.7372,0.6843,0.2576,21.22,0.4091,0.8946,705034
1217392000368431,right,0.5435,0.4521,0.2135,27.72,0.4259,0.9053,584103
1217493539955388,right,0.5212,0.4096,0.1151,28.2,0.4082,0.7005,315000
1218228886420630,right,0.5692,0.5049,0.2291,30.18,0.5132,0.9064,626891
1218387583080867,right,0.5904,0.4708,0.1739,28.05,0.2533,0.8023,475862
1218845050350202,right,0.7554,0.5934,0.1268,21.0,0.4167,0.7237,346915
1219439996322713,right,0.621,0.4985,0.1887,14.76,0.6897,0.9694,516239
1219695922878615,right,0.5968,0.4827,0.215,26.32,0.3556,0.4451,588213
1220866892812017,right,0.5257,0.5252,0.2486,23.35,0.3659,0.9078,680410
1221046596641178,right,0.4985,0.498,0.0129,30.8,0.3333,0.7232,35395
1221548922710293,right,0.5558,0.4447,0.2207,22.73,0.375,0.546,603812
1221636963391434,right,0.4634,0.2821,0.0506,26.18,0.3043,0.5402,138389
1221840835994856,right,0.707,0.6324,0.2098,30.92,0.6071,0.9662,574132
1222361489859604,right,0.5415,0.4195,0.1939,20.74,0.6049,0.9742,530647
1225207659536401,right,0.4946,0.4116,0.1677,27.87,0.5625,0.9593,458905
1225518635580641,right,0.4788,0.3493,0.1294,26.49,0.4643,0.9037,353987
1225548615569853,right,0.498,0.3869,0.1878,23.65,0.5714,0.9952,513821
1226488015482280,right,0.5613,0.5608,0.2991,24.72,0.44,0.9565,818504
1226531866233741,right,0.541,0.4773,0.2111,31.24,0.5345,0.8849,577698
1226818189359854,right,0.5356,0.5351,0.3062,21.73,0.3596,0.9313,837983
1226822896220294,right,0.5035,0.3646,0.1348,22.44,0.5821,0.9349,368749
1227298688867659,right,0.5929,0.5173,0.2586,41.87,0.4725,0.9243,707778
1227801422636991,right,0.5469,0.4644,0.2118,28.17,0.5455,0.9605,579689
1228294712822645,right,0.5455,0.3202,0.1411,15.74,0.6479,0.9095,386186
1229842465789719,right,0.6719,0.5292,0.2254,22.71,0.4058,0.6309,616779
1230142282515745,right,0.5548,0.2515,0.0684,18.09,0.3553,0.594,187125
1230740032588600,right,0.5059,0.4224,0.1539,26.61,0.3452,0.9632,421225
1231899548870959,right,0.5766,0.5761,0.18,23.8,0.4706,0.7755,492667
1231915968296598,right,0.5558,0.5469,0.1799,19.2,0.4528,0.9784,492174
1233888445353818,right,0.5084,0.5079,0.1493,31.16,0.4706,0.7753,408570
1233895852008694,right,0.6042,0.5252,0.2425,21.98,0.4272,0.9439,663612
1235274375376155,right,0.5776,0.4511,0.1618,26.91,0.5,0.7701,442784
1237183595176429,right,0.503,0.3641,0.1303,18.0,0.3333,0.6407,356556
1237453895248152,right,0.5296,0.5292,0.1846,26.26,0.4444,0.9343,505229
1238806488228455,right,0.5726,0.413,0.036,21.9,0.375,0.24,98584
1240547667967998,right,0.7238,0.6008,0.1736,27.16,0.3333,0.9549,475103
1240748481309412,right,0.5341,0.2243,0.0915,37.36,0.3368,0.2004,250298
1241060564613822,right,0.5464,0.5459,0.2293,31.89,0.5424,0.9538,627526
1241707617840143,right,0.5459,0.4783,0.2063,29.01,0.4769,0.8279,564415
1241742487869599,right,0.5301,0.3972,0.1777,29.66,0.3617,0.5158,486360
1241779121174527,right,0.538,0.3878,0.179,22.13,0.5701,0.8846,489789
1242100554569858,right,0.538,0.2668,0.1136,21.72,0.4352,0.9415,310932
1242547261115958,right,0.5361,0.4684,0.1947,26.76,0.6024,0.9775,532807
1244432070926266,right,0.5435,0.2297,0.1195,22.71,0.4259,0.9689,327001
1245915684107293,right,0.5217,0.3211,0.0839,30.81,0.3056,0.629,229663
1246701300736224,right,0.5637,0.419,0.1857,30.63,0.3505,0.7457,508118
1247223527285630,right,0.5158,0.3671,0.1367,21.54,0.5128,0.9495,374087
1248298340550513,right,0.6245,0.4763,0.1204,33.58,0.4386,0.4312,329591
1248416537209403,right,0.4906,0.3646,0.1699,23.12,0.4906,0.8445,464904
1248812113787884,right,0.5035,0.3187,0.1255,28.19,0.5897,0.9275,343558
1248962827127188,right,0.5593,0.4407,0.1385,30.14,0.3171,0.6144,378897
1249663227050544,right,0.748,0.5983,0.1547,30.68,0.5281,0.7512,423275
1251948130475331,right,0.5509,0.3962,0.1314,29.94,0.3985,0.4233,359540
1252150686777338,right,0.5222,0.2406,0.0565,18.36,0.3649,0.2076,154526
1252170753438092,right,0.4896,0.4056,0.1715,29.23,0.6393,0.9825,469357
1252569220109405,right,0.5321,0.5316,0.2537,28.36,0.4138,0.9639,694372
1254622929892813,right,0.5766,0.3765,0.1805,20.2,0.3429,0.8988,493944
1255776963090427,right,0.4842,0.2001,0.0394,28.39,0.35,0.6336,107945
1257141109652262,right,0.5652,0.4931,0.1447,23.52,0.3958,0.6439,396061
1258220162861635,right,0.5613,0.4886,0.2469,36.07,0.537,0.9499,675741
1258240266153369,right,0.5711,0.4259,0.2115,26.27,0.5169,0.9657,578734
1258724019440436,right,0.5445,0.4797,0.1802,28.04,0.6447,0.9682,493007
1260424166138691,right,0.5573,0.4363,0.1907,31.62,0.5854,0.9687,521761
1260478295928761,right,0.4802,0.4407,0.1889,24.02,0.4681,0.9588,516913
1260580155924333,right,0.5351,0.4629,0.2162,24.11,0.4842,0.9776,591638
1264438365528229,right,0.5455,0.419,0.2077,30.32,0.4835,0.9331,568439
1265661085533533,right,0.7253,0.5909,0.2693,27.42,0.4444,0.9446,736931
1265727185480661,right,0.5193,0.4279,0.2003,21.35,0.58,0.9902,548098
1265915398924016,right,0.502,0.3177,0.0953,26.06,0.4762,0.82,260747
1266553138626222,right,0.5469,0.3701,0.189,23.67,0.56,0.8418,517263
1268260988451703,right,0.498,0.3439,0.0967,29.27,0.4265,0.8007,264605
1268436735339865,right,0.5425,0.4625,0.1748,27.81,0.5909,0.9692,478411
1268650205153044,right,0.4886,0.2821,0.1181,23.87,0.4205,0.7379,323286
1270325941573008,right,0.5464,0.4629,0.135,27.06,0.6023,0.9324,369411
1272552651350152,right,0.538,0.2762,0.1247,22.0,0.4419,0.8714,341203
1272729924903349,right,0.5336,0.4496,0.1812,28.57,0.5,0.9417,495906
1274967971405795,right,0.4758,0.2292,0.0074,37.06,0.314,0.1975,20373
1275640474479856,right,0.5306,0.3888,0.1674,29.35,0.3857,0.535,458101
1275673554402108,right,0.5598,0.3878,0.1919,23.62,0.4,0.8806,525036
1276806547611395,right,0.4921,0.3207,0.0728,33.07,0.2581,0.755,199209
1280282010664893,right,0.5198,0.0553,0.0027,22.11,0.3676,0.8887,7406
1281095300510245,right,0.4911,0.3617,0.124,25.13,0.2936,0.7172,339324
1282836660346258,right,0.4605,0.2485,0.0812,38.63,0.3981,0.6478,222234
1284430623510322,right,0.545,0.4728,0.1811,32.17,0.5607,0.96,495507
1284763400156629,right,0.5385,0.4214,0.185,34.47,0.4054,0.865,506308
1286677926631886,right,0.4911,0.3676,0.1409,25.2,0.4789,0.9222,385475
1287360393227494,right,0.7159,0.6517,0.0376,26.34,0.24,0.458,102910
1290180402939420,right,0.5089,0.4565,0.2373,29.65,0.5645,0.886,649240
1295304985740090,right,0.5469,0.4891,0.1734,20.82,0.5316,0.9955,474426
1296463682506048,right,0.5178,0.3701,0.1461,24.92,0.4194,0.7611,399680
1296936985788224,right,0.7199,0.584,0.1244,19.82,0.65,0.8682,340299
1298723935611927,right,0.5524,0.4116,0.1696,28.8,0.3654,0.6753,464232
1298764585392635,right,0.5321,0.5232,0.2337,20.14,0.5269,0.98,639412
1303711208468902,right,0.5435,0.543,0.1476,20.49,0.3654,0.968,403915
1304218561722729,right,0.5,0.4244,0.1442,25.29,0.5152,0.9504,394564
1310625761093496,right,0.5583,0.4407,0.1928,23.74,0.4211,0.8834,527464
1312507110904636,right,0.5469,0.5025,0.2148,35.15,0.4396,0.7972,587714
1313322467505686,right,0.542,0.3918,0.1612,32.28,0.4337,0.6023,440995
1315745047256063,right,0.498,0.4061,0.1524,28.14,0.4375,0.9285,417031
1326964539282534,right,0.5642,0.5637,0.1958,25.82,0.5349,0.9314,535765
1330147675796788,right,0.5534,0.4293,0.1857,26.14,0.3043,0.9654,508241
1331385155685432,right,0.5336,0.4457,0.1934,29.37,0.4444,0.9181,529310
1332226968671975,right,0.5385,0.3908,0.1814,28.96,0.4211,0.9117,496261
1344027190811206,right,0.5138,0.3582,0.1164,31.23,0.4286,0.8343,318609
1346651537266678,right,0.5395,0.3775,0.0787,26.79,0.3293,0.7225,215474
1348856613715419,right,0.5331,0.4536,0.1821,30.6,0.4538,0.9434,498258
1351405243667846,right,0.6354,0.3854,0.1781,24.97,0.52,0.9503,487249
1354331273047100,right,0.4788,0.3458,0.1045,21.86,0.32,0.875,286000
1356778376222342,right,0.541,0.5405,0.1871,20.28,0.3537,0.8901,511994
1362380895687716,right,0.5375,0.2737,0.132,24.25,0.4021,0.8947,361316
1363804255494057,right,0.5469,0.5464,0.2444,23.52,0.551,0.9542,668739
1365939591942322,right,0.5257,0.4491,0.1674,26.09,0.5417,0.8757,458173
1366117964995627,right,0.5455,0.3725,0.1581,27.24,0.4574,0.8609,432704
1366164158645005,right,0.5257,0.5252,0.1858,27.8,0.5204,0.9172,508433
1366815061403146,right,0.4753,0.2525,0.0475,34.94,0.3077,0.2746,129983
1366920708518570,right,0.5425,0.4728,0.2251,32.06,0.4727,0.8506,616093
1367071494741525,right,0.6378,0.4412,0.181,16.4,0.5641,0.8257,495280
1368112195058464,right,0.5351,0.1438,0.0595,22.43,0.3165,0.744,162835
1369510854923226,right,0.4946,0.2223,0.0786,28.69,0.4768,0.9173,215106
1371250244747908,right,0.4708,0.253,0.0164,22.85,0.3624,0.1034,44920
1372835354318353,right,0.4985,0.3295,0.1,19.86,0.386,0.149,273535
1373173760749192,right,0.504,0.3547,0.161,27.92,0.3529,0.7479,440669
1373561047416914,right,0.5277,0.5272,0.2494,20.96,0.561,0.9521,682552
1374190057815474,right,0.5667,0.4165,0.183,25.56,0.5,0.9544,500843
1375120734362290,right,0.5109,0.4264,0.1288,27.42,0.4545,0.903,352333
1375378953784766,right,0.5,0.2737,0.1062,17.27,0.3929,0.1904,290501
1376265260393286,right,0.5855,0.585,0.2355,36.0,0.566,0.9273,644552
1376531923737684,right,0.6018,0.3404,0.1575,25.71,0.439,0.9033,430962
1376664543663908,right,0.5346,0.3992,0.1902,25.03,0.45,0.923,520521
1376907794187840,right,0.5479,0.3513,0.1709,21.45,0.4458,0.9892,467637
1377784457423045,right,0.5015,0.3523,0.141,30.48,0.4286,0.7109,385943
1377931273645010,right,0.5395,0.3118,0.1406,22.95,0.4792,0.9787,384762
1378993830097559,right,0.544,0.5435,0.1865,29.42,0.5909,0.9709,510422
1379310013971318,right,0.5346,0.5341,0.3046,25.71,0.4444,0.9531,833581
1379941620596788,right,0.5395,0.3696,0.1016,23.98,0.3125,0.3491,277904
1380221976610683,right,0.5375,0.4086,0.2099,25.84,0.5,0.9689,574283
1380751097133066,right,0.5405,0.4234,0.1704,31.8,0.5098,0.9183,466166
1381863716757325,right,0.5331,0.4684,0.1877,24.24,0.6071,0.9377,513508
1382126833652436,right,0.5627,0.4397,0.1887,32.91,0.3895,0.7224,516356
1382343316960531,right,0.6942,0.543,0.2321,24.62,0.5556,0.7834,635161
1382428236685293,right,0.5114,0.3903,0.1887,29.51,0.5068,0.9131,516397
1384536003155994,right,0.4867,0.2969,0.1003,28.28,0.3548,0.722,274546
1387024262637164,right,0.5568,0.4832,0.2137,34.01,0.4717,0.8434,584784
1390540386088057,right,0.7184,0.6477,0.2752,28.76,0.5938,0.968,752948
1392451065705678,right,0.538,0.4664,0.2073,28.96,0.5571,0.9732,567143
1392684475663658,right,0.5623,0.4432,0.1206,30.21,0.2712,0.6589,330038
1393324159000702,right,0.5375,0.4382,0.2019,26.38,0.3158,0.6219,552616
1393663855788904,right,0.5361,0.3305,0.0464,28.05,0.25,0.5607,127082
1394479101616319,right,0.5623,0.5618,0.1785,27.2,0.5385,0.9586,488532
1395769838118856,right,0.4748,0.3226,0.0549,29.85,0.3333,0.5869,150149
1395914548688573,right,0.5464,0.3893,0.2157,19.44,0.4318,0.8159,590224
1396068288475881,right,0.5484,0.4941,0.2128,17.53,0.5263,0.8846,582322
1397157948541553,right,0.6374,0.5005,0.251,21.33,0.5231,0.8673,686790
1397313935193024,right,0.5361,0.4135,0.1748,27.01,0.62,0.9822,478324
1397316825192590,right,0.5341,0.4531,0.2067,24.35,0.5538,0.9528,565725
1398370454993142,right,0.4713,0.3009,0.0581,37.15,0.3205,0.588,158989
1398792338463716,right,0.5494,0.4229,0.0733,24.61,0.3396,0.5448,200668
1400461571816334,right,0.5203,0.5198,0.1322,23.14,0.4722,0.9762,361886
1400608204943579,right,0.5321,0.168,0.0668,28.25,0.4369,0.8208,182787
1400621701436824,right,0.5252,0.4061,0.1782,23.83,0.5929,0.9647,487518
1401412591438852,right,0.5435,0.543,0.183,19.35,0.3971,0.9503,500721
1401636471414590,right,0.5351,0.5346,0.1913,30.51,0.6029,0.93,523422
1402770704866843,right,0.4891,0.3231,0.0671,35.37,0.2976,0.7059,183580
1402825254856534,right,0.5662,0.4521,0.2183,29.87,0.4902,0.9166,597451
1404082337919209,right,0.5366,0.3908,0.1889,23.3,0.451,0.9351,516896
1404499181331339,right,0.5558,0.4679,0.1526,30.02,0.4375,0.8502,417559
1404609621388544,right,0.545,0.4704,0.2282,31.98,0.4234,0.8704,624538
1404841128104239,right,0.5217,0.4531,0.208,18.66,0.6094,0.9903,569121
1405495910981693,right,0.4911,0.3953,0.1504,29.31,0.4511,0.9253,411524
1405724494621190,right,0.5682,0.4802,0.1871,23.45,0.3241,0.5341,511916
1406698610863964,right,0.582,0.5059,0.1971,30.48,0.4715,0.959,539367
1407064061115153,right,0.5539,0.3972,0.072,36.43,0.3636,0.4309,197014
1407181217727676,right,0.5835,0.539,0.2633,30.33,0.5224,0.9143,720581
1407430561022768,right,0.5296,0.2633,0.1183,24.0,0.3148,0.7261,323812
1408124770696783,right,0.5074,0.3666,0.1724,27.83,0.4,0.5373,471870
1409370770879916,right,0.5371,0.2945,0.0605,25.86,0.3253,0.6209,165473
1409631313935950,right,0.5242,0.3987,0.1947,21.63,0.54,0.9665,532916
1409948393874832,right,0.5573,0.4096,0.1817,27.43,0.5114,0.7198,497322
1409981440773259,right,0.5306,0.46,0.0874,28.74,0.3333,0.808,239269
1410600040794896,right,0.6433,0.4941,0.1335,25.28,0.4624,0.7504,365444
1410992194015889,right,0.7199,0.5746,0.1122,32.23,0.5542,0.7398,306955
1411076667432963,right,0.5119,0.4382,0.1412,29.47,0.5455,0.9702,386512
1411274167139585,right,0.4886,0.418,0.0131,31.53,0.439,0.1798,35890
1412051067039762,right,0.4956,0.3809,0.1771,24.7,0.6458,0.9819,484669
1412388933100681,right,0.499,0.3444,0.1517,22.33,0.5263,0.8076,414987
1413592347212973,right,0.5217,0.3928,0.1801,32.76,0.4737,0.8276,492782
1414357893731429,right,0.4788,0.289,0.0688,32.22,0.3684,0.715,188260
1414386333431183,right,0.5489,0.5484,0.1812,23.24,0.5484,0.9023,495734
1414813140124562,right,0.6907,0.5395,0.251,24.06,0.5636,0.8044,686830
1414880346859462,right,0.5618,0.3547,0.0994,36.31,0.3704,0.7718,272001
1415075110078551,right,0.5563,0.4807,0.1826,34.01,0.4105,0.9185,499720
1415222840065712,right,0.5084,0.3216,0.1094,26.72,0.4057,0.7936,299288
1416292793287898,right,0.5326,0.5321,0.2017,30.7,0.4659,0.9088,551837
1416812056773577,right,0.6122,0.6117,0.2321,22.02,0.55,0.9816,635025
1417733046559060,right,0.5089,0.4723,0.1525,23.37,0.4545,0.9851,417206
1417822573313789,right,0.7742,0.6364,0.1206,17.26,0.5429,0.7436,329975
1418151233241049,right,0.5499,0.4076,0.209,18.73,0.5143,0.9643,571968
1419305399573268,right,0.5529,0.3928,0.1168,36.26,0.403,0.7188,319720
1420533849628690,right,0.5919,0.455,0.1358,32.34,0.3226,0.5973,371602
1420867799443437,right,0.6497,0.6492,0.3042,37.14,0.4211,0.9419,832452
1422124462691963,right,0.5366,0.5361,0.181,31.7,0.5904,0.9403,495333
1422130162685361,right,0.5375,0.4906,0.2122,30.0,0.5946,0.9739,580596
1423458646182072,right,0.5553,0.4022,0.2171,21.72,0.4,0.9081,594089
1423594969480409,right,0.499,0.3631,0.1024,29.18,0.32,0.7309,280191
1424394909094490,right,0.7302,0.6314,0.155,28.4,0.5294,0.7785,424077
1424643549032381,right,0.5672,0.417,0.1879,22.68,0.4054,0.7286,514104
1425239162716098,right,0.6912,0.5924,0.2304,25.08,0.3288,0.8969,630429
1425942692877710,right,0.5232,0.5227,0.2451,20.88,0.6067,0.9538,670725
1427668335536488,right,0.5494,0.4595,0.2125,30.27,0.4271,0.9286,581496
1431136372016880,right,0.5109,0.3928,0.1085,31.11,0.322,0.8056,296902
1431567895306532,right,0.496,0.2525,0.0032,32.66,0.3839,0.2459,8688
1431574798339803,right,0.538,0.4862,0.2258,26.94,0.5122,0.7702,617909
1431678868537500,right,0.503,0.4032,0.1692,26.93,0.6941,0.995,463122
1431903178589087,right,0.5543,0.4308,0.1855,27.59,0.4286,0.805,507712
1432140278703379,right,0.5104,0.2663,0.1132,18.59,0.5882,0.8831,309870
1432230365147277,right,0.5588,0.2549,0.1207,20.21,0.4328,0.7572,330192
1432887428350704,right,0.6156,0.5237,0.2377,26.09,0.55,0.971,650348
1433160922153164,right,0.4753,0.3211,0.0586,28.47,0.3108,0.7542,160267
1433216418477399,right,0.5252,0.4496,0.1632,28.22,0.3824,0.8751,446658
1434020118430439,right,0.5203,0.4046,0.1316,26.43,0.5865,0.8199,360247
1434565084725714,right,0.5499,0.456,0.2174,21.71,0.3902,0.9608,594775
1435708394559082,right,0.5366,0.5361,0.2119,23.45,0.4737,0.9846,579749
1436158524699170,right,0.5672,0.4802,0.1556,24.25,0.5273,0.8236,425748
1439206134522636,right,0.5114,0.3528,0.1241,25.86,0.4783,0.8354,339535
1439320414518405,right,0.5227,0.4274,0.1744,30.93,0.5568,0.9642,477341
1440322880768767,right,0.4936,0.3389,0.044,30.42,0.3333,0.5104,120460
1440479927626974,right,0.5489,0.3958,0.1537,22.52,0.4,0.7128,420632
1441166370914725,right,0.5484,0.4629,0.2124,21.8,0.4268,0.9757,581129
1441646387632673,right,0.5114,0.375,0.1582,32.34,0.5439,0.8159,432781
1442365681235399,right,0.6215,0.5321,0.2241,21.65,0.6389,0.9863,613294
1443445313812088,right,0.5459,0.4738,0.1975,22.23,0.5088,0.9783,540462
1444267860595938,right,0.6052,0.5484,0.2662,41.25,0.4559,0.8378,728429
1444791280694112,right,0.6215,0.4975,0.1895,25.3,0.3425,0.7904,518578
1445146187131254,right,0.5568,0.5563,0.2267,23.75,0.4462,0.9568,620287
1445978613534729,right,0.5657,0.4254,0.1426,20.75,0.4359,0.7348,390175
1446400480338938,right,0.5608,0.3498,0.1549,21.58,0.3333,0.7511,423997
1446699030147795,right,0.545,0.457,0.2142,28.91,0.5161,0.9608,586060
1446731560157230,right,0.5306,0.4476,0.2009,27.21,0.56,0.973,549670
1449089469942690,right,0.5148,0.3794,0.0157,36.93,0.3438,0.5699,42998
1450324396653256,right,0.5795,0.4145,0.1983,31.38,0.5364,0.8603,542658
1451051669717973,right,0.5845,0.5128,0.2579,20.71,0.4638,0.8951,705741
1451261119686818,right,0.5578,0.4768,0.1644,32.5,0.402,0.8762,449803
1451822013123884,right,0.5217,0.4615,0.2104,23.51,0.4048,0.9832,575704
1451972289683205,right,0.5341,0.4432,0.2085,18.89,0.3571,0.927,570593
1455155085972597,right,0.5568,0.4239,0.0949,28.01,0.3247,0.5856,259755
1457392106109224,right,0.5499,0.4091,0.1974,31.84,0.563,0.9413,540111
1458219382974177,right,0.5054,0.2544,0.0765,23.8,0.5122,0.8949,209291
1468163064725593,right,0.5593,0.5588,0.2164,27.86,0.5484,0.9697,592125
1471311624412210,right,0.6196,0.4348,0.1364,24.64,0.4364,0.774,373153
1475063584241981,right,0.5499,0.4847,0.2051,27.7,0.5039,0.9719,561277
1476605354469316,right,0.5553,0.1858,0.0746,19.73,0.2935,0.6807,204071
1481763816894942,right,0.5603,0.3696,0.2119,19.45,0.4286,0.865,579862
1481959780016261,right,0.5272,0.4051,0.129,31.31,0.3709,0.4493,352892
1484661199896262,right,0.5237,0.5232,0.275,23.55,0.4211,0.9655,752495
1499339852197654,right,0.5662,0.4308,0.2297,25.3,0.4609,0.8209,628575
1504479640648457,right,0.5494,0.5489,0.2336,20.87,0.427,0.9685,639282
1505384250562544,right,0.5588,0.5583,0.2268,38.33,0.5366,0.9067,620747
1505790297864431,right,0.539,0.5188,0.2697,29.31,0.4364,0.961,738138
1506260030473296,right,0.5845,0.5163,0.2253,20.36,0.6087,0.9091,616422
1507768673656276,right,0.6008,0.6003,0.2361,31.21,0.6,0.9402,646170
1508216290279809,right,0.5627,0.4659,0.2236,20.01,0.475,0.9057,611934
1514802390472924,right,0.5222,0.3221,0.1037,22.87,0.4386,0.9237,283864
1515557056196564,right,0.7125,0.6413,0.2815,31.71,0.5526,0.9526,770330
1516178526151925,right,0.752,0.6403,0.1198,22.74,0.3088,0.5709,327763
1517209379354336,right,0.6161,0.4293,0.1916,24.54,0.5517,0.8971,524210
1518610519199451,right,0.5815,0.4901,0.1865,27.43,0.5306,0.9451,510352
1518952982522021,right,0.7312,0.5855,0.2159,32.85,0.561,0.9249,590826
1521772675571793,right,0.7144,0.5326,0.1535,24.93,0.5366,0.7268,420136
1523225192113236,right,0.6082,0.4585,0.1596,31.01,0.3276,0.3022,436718
1523531765397814,right,0.544,0.4763,0.2254,33.28,0.4505,0.8752,616789
1525901558483169,right,0.625,0.4773,0.1553,26.98,0.5376,0.8374,425091
1528077598651560,right,0.5296,0.3246,0.1071,26.28,0.4783,0.9131,293083
1528093431629030,right,0.5425,0.4629,0.2028,23.03,0.5929,0.9702,554958
1532687121321293,right,0.5647,0.5237,0.2529,37.09,0.4643,0.838,691994
1533515557738702,right,0.5692,0.4387,0.1701,23.6,0.3521,0.7703,465506
1535613974217835,right,0.5553,0.5548,0.2296,29.56,0.4242,0.9363,628288
1536667720878594,right,0.5341,0.4536,0.2033,25.64,0.5479,0.9771,556335
1537164404005524,right,0.5079,0.5074,0.2512,20.14,0.6184,0.9634,687325
1538364580578263,right,0.5222,0.4293,0.1938,26.77,0.53,0.8783,530282
1538652677230429,right,0.7574,0.7283,0.2649,31.0,0.3944,0.8881,724896
1542459003686150,right,0.7297,0.6349,0.0465,30.99,0.4384,0.695,127322
1543660760195066,right,0.5667,0.4249,0.1618,23.7,0.5714,0.8642,442664
1543973606883737,right,0.5524,0.4111,0.2107,23.2,0.4079,0.9812,576510
1545352160924489,right,0.5296,0.5292,0.2383,29.71,0.3393,0.9368,652208
1548434216447726,right,0.4965,0.3216,0.1071,34.27,0.359,0.7197,293134
1548725606381641,right,0.5361,0.292,0.1343,20.06,0.3587,0.9551,367604
1551429212813439,right,0.541,0.4155,0.1275,26.4,0.4783,0.6882,348892
1551874459431901,right,0.5618,0.5247,0.1208,28.27,0.4071,0.6691,330678
1552911372595880,right,0.5193,0.4432,0.1732,20.71,0.3125,0.4656,473982
1554569835819578,right,0.4471,0.2041,0.005,35.85,0.3565,0.1428,13774
1554631779097375,right,0.5183,0.4531,0.0595,22.88,0.4906,0.4753,162728
1556548662304258,right,0.5534,0.4827,0.1905,27.94,0.4384,0.9656,521398
1557173545349441,right,0.5445,0.4303,0.193,29.47,0.4151,0.9296,528260
1559043818713284,right,0.5385,0.3691,0.163,28.26,0.4133,0.8781,446092
1561335355175392,right,0.5687,0.3123,0.1369,19.81,0.5405,0.9977,374534
1564010848201897,right,0.4896,0.3557,0.1385,30.8,0.3125,0.6493,378873
1564557954588605,right,0.4956,0.3409,0.0085,32.16,0.3333,0.2297,23322
1566155707960225,right,0.5455,0.4081,0.1931,21.83,0.6102,0.9314,528478
1566362787936218,right,0.6008,0.4733,0.2044,27.08,0.3168,0.5008,559321
1566962201207726,right,0.501,0.1789,0.0654,23.66,0.3333,0.5182,178928
1567386371152703,right,0.4797,0.3379,0.1141,26.55,0.5789,0.8707,312315
1568057677948499,right,0.5702,0.4565,0.2269,36.23,0.4471,0.9209,620924
1568499914299835,right,0.6354,0.5203,0.2507,31.52,0.3182,0.3593,686161
1569459370957937,right,0.5371,0.5193,0.2594,30.38,0.3158,0.8711,709885
1571692260826396,right,0.5667,0.5662,0.2272,27.23,0.5185,0.9387,621693
1573044960611029,right,0.5583,0.5578,0.1567,31.53,0.3443,0.6299,428811
1573799717263909,right,0.5114,0.2871,0.035,33.43,0.3012,0.5536,95892
1575493180156298,right,0.6828,0.5311,0.0978,26.82,0.2963,0.7073,267677
1575601160329293,right,0.5395,0.3533,0.1099,34.1,0.3654,0.7659,300867
1577829406874181,right,0.5583,0.3641,0.0559,24.69,0.2917,0.6249,152953
1578998233521126,right,0.5287,0.457,0.2032,21.57,0.5476,0.9796,556177
1579494726430621,right,0.6428,0.5756,0.2279,24.7,0.5618,0.8626,623743
1580823789525834,right,0.6403,0.5608,0.2156,24.24,0.377,0.9019,589897
1582861549505518,right,0.5425,0.3552,0.1049,22.98,0.5909,0.8719,287161
1583456702921739,right,0.497,0.249,0.0974,19.95,0.3605,0.4337,266480
1583457869657348,right,0.5346,0.4224,0.1629,22.13,0.5,0.9524,445808
1583635279312945,right,0.542,0.5415,0.2644,22.01,0.3704,0.9312,723498
1583919222851452,right,0.4911,0.3874,0.1549,23.97,0.4545,0.8168,423758
1585054409376410,right,0.5573,0.5049,0.1305,36.71,0.3578,0.9282,357040
1585200999291619,right,0.5504,0.3419,0.0848,23.59,0.321,0.6853,232068
1590257122173465,right,0.5109,0.3725,0.1665,32.72,0.4848,0.7349,455660
1590671965904630,right,0.5044,0.4293,0.1959,23.19,0.4107,0.9821,536130
1594214201617908,right,0.5608,0.4081,0.197,27.94,0.4643,0.9479,539193
1594457701685465,right,0.4886,0.4086,0.1429,21.57,0.3,0.9274,391000
1595776441666614,right,0.5736,0.4402,0.1914,20.84,0.507,0.8017,523818
1597692631513841,right,0.5306,0.5301,0.1675,27.79,0.561,0.9131,458481
1598320017846782,right,0.5445,0.5198,0.2668,29.03,0.4348,0.9593,730007
1598545597855504,right,0.5632,0.5627,0.2274,32.42,0.5526,0.9601,622253
1599140694452189,right,0.5578,0.5573,0.3002,30.72,0.4111,0.9229,821465
1599550847893022,right,0.5845,0.5079,0.2291,30.37,0.5,0.9642,626876
1601193541193330,right,0.5336,0.4965,0.2434,20.03,0.4891,0.9191,665968
1601338627539599,right,0.5484,0.3943,0.189,24.87,0.5505,0.8725,517200
1602030534235537,right,0.542,0.5415,0.2936,21.93,0.3276,0.7215,803343
1602281441131772,right,0.5,0.2362,0.0315,33.05,0.3058,0.5982,86210
1603332887692599,right,0.5385,0.538,0.3013,22.81,0.4231,0.9633,824369
1604341417270115,right,0.462,0.2811,0.0239,39.16,0.339,0.2802,65521
1605236273826215,right,0.6107,0.498,0.2367,22.77,0.5902,0.9374,647825
1606371953702237,right,0.5232,0.3987,0.1926,24.62,0.5208,0.9447,527084
1606522100544541,right,0.6873,0.6418,0.1327,29.7,0.4561,0.7256,363159
1607507037264040,right,0.5603,0.4802,0.1781,28.59,0.4881,0.9476,487287
1608128223651111,right,0.6383,0.46,0.1325,28.75,0.3187,0.7171,362619
1608952960259935,right,0.6255,0.503,0.2086,23.17,0.359,0.7677,570886
1613176169674388,right,0.5371,0.5366,0.2757,22.99,0.4203,0.9263,754362
1613612449817357,right,0.5954,0.5509,0.2256,41.31,0.5769,0.8943,617332
1613748872979434,right,0.5153,0.3715,0.172,23.51,0.5783,0.8593,470717
1615502992790900,right,0.4965,0.3384,0.0588,24.52,0.3913,0.2821,160778
1615511883135923,right,0.5346,0.419,0.1986,22.14,0.4302,0.7564,543389
1616028699756428,right,0.5272,0.5059,0.2116,21.54,0.5952,0.9808,579111
1618628982661287,right,0.5647,0.5237,0.2197,30.59,0.6061,0.8964,601252
1619888049021430,right,0.5296,0.3048,0.0659,23.71,0.49,0.7164,180336
1620186985678839,right,0.5647,0.4027,0.1644,20.54,0.4091,0.4973,449965
1620862266030738,right,0.5356,0.373,0.085,32.2,0.3421,0.8246,232491
1621115982574472,right,0.5143,0.5138,0.1896,21.71,0.617,0.9886,518824
1624123192105312,right,0.4867,0.4862,0.2319,18.36,0.5357,0.9121,634568
1624710778962540,right,0.5346,0.4555,0.2003,30.59,0.5,0.949,548243
1629136971856390,right,0.5415,0.4377,0.2145,22.86,0.4124,0.9797,586951
1633823587607510,right,0.4956,0.3997,0.1714,31.12,0.5714,0.98,468908
1634863930855165,right,0.5252,0.3888,0.1859,26.08,0.3448,0.4556,508632
1635033530851705,right,0.7169,0.7164,0.3312,31.95,0.4444,0.9553,906275
1637617851009743,right,0.5489,0.29,0.0827,23.84,0.4255,0.7144,226435
1639280144189531,right,0.5153,0.5148,0.1345,24.9,0.3521,0.3727,367928
1643888746968544,right,0.5119,0.3577,0.1441,31.83,0.448,0.8075,394450
1645088613141377,right,0.4916,0.4175,0.1791,27.37,0.5571,0.9891,490103
1646492249847493,right,0.6304,0.6299,0.2249,29.99,0.5882,0.9351,615559
1646952663384058,right,0.5375,0.4209,0.2062,19.36,0.5747,0.9235,564148
1647118166273072,right,0.5148,0.3962,0.1461,33.64,0.2925,0.4037,399734
1648004486557845,right,0.5568,0.4827,0.1638,31.69,0.425,0.8729,448210
1650117639308295,right,0.5534,0.5529,0.2375,21.93,0.3333,0.7949,649977
1657209362119005,right,0.6364,0.5059,0.1105,19.11,0.2778,0.4742,302452
1658547222251932,right,0.4916,0.419,0.197,23.82,0.5495,0.9484,539179
1659388615041086,right,0.4817,0.3424,0.0793,19.04,0.3438,0.3503,217058
1663410808354336,right,0.5469,0.4017,0.2046,18.57,0.4712,0.897,559920
1665175641119366,right,0.5356,0.4689,0.2167,29.28,0.4815,0.9734,592986
1666376207682771,right,0.5455,0.3938,0.1936,29.99,0.4444,0.9397,529722
1671855550325076,right,0.5464,0.2648,0.1279,19.67,0.5968,0.9433,349951
1672071113754869,right,0.5929,0.4778,0.2279,24.09,0.3523,0.9232,623758
1672866870220354,right,0.5534,0.4323,0.1943,31.12,0.6087,0.9692,531775
1675499350481480,right,0.7208,0.6502,0.1228,33.12,0.3148,0.4198,336088
1677645109873829,right,0.5035,0.3829,0.1826,19.87,0.3966,0.6553,499548
1692239191738926,right,0.4788,0.3088,0.0441,35.79,0.3462,0.4594,120546
1714212816230732,right,0.6729,0.4452,0.2165,23.75,0.566,0.9431,592492
1725896961699658,right,0.4876,0.3612,0.1512,25.76,0.4242,0.8631,413754
1742282276730947,right,0.4941,0.3162,0.0644,31.75,0.3261,0.8158,176124
1752836619007240,right,0.5455,0.5089,0.2109,37.58,0.5854,0.9245,577113
1765820160752189,right,0.5613,0.3192,0.1238,17.41,0.4394,0.9744,338845
1779740016027214,right,0.5563,0.4259,0.1347,29.52,0.3297,0.5828,368732
1780366265976540,right,0.5721,0.5331,0.1592,22.53,0.2951,0.9598,435607
1792858938064595,right,0.5484,0.3799,0.165,21.72,0.4706,0.8627,451414
1792928628760291,right,0.5114,0.4175,0.0216,18.09,0.3125,0.2959,59097
1793133204980152,right,0.5771,0.2727,0.1077,31.99,0.4545,0.8459,294688
1796304477726613,right,0.5731,0.4466,0.1588,26.36,0.439,0.7145,434451
1797318447624273,right,0.4733,0.2787,0.0877,26.91,0.3298,0.659,239901
1805858450121103,right,0.5385,0.4936,0.2105,34.45,0.4143,0.9354,576059
1806901683348914,right,0.4936,0.3019,0.0667,32.9,0.3788,0.7662,182656
1806943120017447,right,0.6576,0.4042,0.2084,28.55,0.5833,0.8578,570342
1808432099856251,right,0.5094,0.3478,0.1223,30.99,0.5422,0.8243,334798
1809899239707760,right,0.5227,0.5222,0.2026,24.59,0.6027,0.9909,554406
1813138159349328,right,0.5593,0.4382,0.1533,27.43,0.3678,0.6882,419460
1816017949059117,right,0.5519,0.4812,0.2296,28.48,0.3462,0.6992,628254
1817533135623273,right,0.6191,0.4985,0.2017,27.18,0.4598,0.8706,551881
1818747878811544,right,0.6507,0.4674,0.1687,29.83,0.344,0.2179,461669
1819863378707823,right,0.5494,0.4417,0.1933,30.04,0.5862,0.9725,529090
1825896141450886,right,0.5637,0.379,0.1516,22.54,0.4457,0.9258,414739
1831449914189316,right,0.5143,0.2762,0.0671,38.8,0.2288,0.5456,183589
1833236913994278,right,0.5791,0.5074,0.2304,27.11,0.5455,0.9506,630599
1833403564034723,right,0.624,0.4827,0.2432,49.22,0.4713,0.7526,665497
1837556976895377,right,0.4936,0.4526,0.154,20.16,0.4062,0.9525,421396
1839875673380248,right,0.6275,0.5277,0.2448,23.21,0.5393,0.9286,669792
1846555882686600,right,0.5,0.3162,0.1055,32.4,0.4474,0.6355,288685
1847518265954889,right,0.6779,0.6433,0.1483,21.46,0.3238,0.8025,405787
1849311509121493,right,0.4995,0.499,0.231,21.35,0.5395,0.9649,632124
1853082572008459,right,0.499,0.3612,0.1196,26.25,0.2981,0.6939,327357
1854834005164617,right,0.5464,0.4259,0.0397,23.88,0.4375,0.4646,108666
1855036105147629,right,0.6453,0.5568,0.2815,27.95,0.359,0.8689,770379
1859839487982716,right,0.543,0.3508,0.1234,23.49,0.4118,0.7574,337745
1864139864225360,right,0.5613,0.3365,0.04,25.44,0.3579,0.9202,109549
1869474633690368,right,0.5578,0.4343,0.1991,30.35,0.4062,0.9335,544877
1873793503259738,right,0.6067,0.462,0.1552,25.69,0.3235,0.7819,424633
1874658056746065,right,0.5726,0.4531,0.1991,27.61,0.4778,0.9318,544907
1879579902663418,right,0.5608,0.5603,0.2371,24.91,0.598,0.9855,648745
1883530372297446,right,0.496,0.379,0.1749,31.92,0.3667,0.8203,478620
1888191531782605,right,0.5509,0.3878,0.1754,22.02,0.3766,0.9679,479913
1898549157453356,right,0.5771,0.4842,0.2136,25.11,0.3368,0.9122,584577
1902198201174691,right,0.543,0.4086,0.1784,21.36,0.3218,0.8855,488246
1902361157032663,right,0.6062,0.584,0.2489,23.54,0.4615,0.9032,681183
1903219950564423,right,0.5795,0.4506,0.2077,25.31,0.5631,0.9592,568320
1909659836329062,right,0.5958,0.5954,0.1973,21.03,0.4571,0.9,539961
1912610199462557,right,0.5222,0.4234,0.1799,26.04,0.3433,0.831,492320
1913323989319236,right,0.5563,0.5558,0.2255,30.13,0.3803,0.9501,617091
1920436508847498,right,0.4872,0.2999,0.1104,27.36,0.4324,0.8579,302095
1921674285095721,right,0.5731,0.4936,0.2286,21.5,0.5484,0.9081,625536
1921945082537056,right,0.4867,0.3439,0.0517,34.02,0.2619,0.7645,141428
1923209559076013,right,0.5361,0.4555,0.1573,22.13,0.3896,0.8899,430555
1923904705672062,right,0.4669,0.3226,0.0501,34.23,0.3088,0.6232,137199
1925735284695606,right,0.5222,0.4377,0.16,30.08,0.4242,0.7313,437816
1925938285023282,right,0.5494,0.3271,0.1552,19.3,0.2881,0.7807,424654
1927580108186516,right,0.4936,0.3009,0.0718,21.96,0.3721,0.2812,196442
1929530577939423,right,0.5543,0.2737,0.0627,15.21,0.6047,0.8925,171535
1932371080963155,right,0.5227,0.3854,0.1567,27.51,0.4078,0.5832,428901
1933479480908877,right,0.5346,0.5341,0.2762,23.18,0.4412,0.9212,755675
1934999747098672,right,0.6304,0.5494,0.2302,26.15,0.3889,0.8313,630046
1935408714023889,right,0.5608,0.4773,0.2173,33.08,0.475,0.9238,594602
1937508867194790,right,0.496,0.3967,0.1171,31.97,0.4205,0.7073,320428
1939348933659539,right,0.6398,0.5711,0.1589,21.17,0.6413,0.9505,434934
1939457446978586,right,0.7376,0.6863,0.0497,28.31,0.3333,0.3935,135981
1941813423103239,right,0.5489,0.4728,0.2193,29.65,0.5,0.8638,600226
1941945686675363,right,0.4748,0.2638,0.0762,21.86,0.3617,0.6865,208456
1944790573127091,right,0.5375,0.4664,0.1839,27.32,0.5842,0.9353,503270
1945053652888990,right,0.5474,0.4595,0.1845,24.88,0.5873,0.9668,504972
1950921832512227,right,0.5,0.3829,0.1603,29.02,0.3611,0.6763,438661
1953407378618160,right,0.5494,0.5489,0.2325,33.01,0.5294,0.8654,636252
1953605509370365,right,0.6062,0.4605,0.178,31.71,0.3898,0.4456,487019
1953813421869295,right,0.5119,0.3745,0.097,21.65,0.4419,0.355,265384
1957120565232814,right,0.5035,0.4936,0.1233,22.25,0.42,0.9156,337321
1961796694768196,right,0.5613,0.3696,0.0453,27.42,0.4375,0.296,123825
1962586357939971,right,0.7248,0.5934,0.1847,28.21,0.3514,0.2189,505472
1964879987398920,right,0.5632,0.4066,0.1789,21.09,0.3889,0.9418,489473
1966402340922467,right,0.6675,0.6067,0.1821,32.51,0.5938,0.9357,498398
1966553673908321,right,0.5618,0.5153,0.2162,36.98,0.5357,0.865,591735
1966728300943947,right,0.5721,0.4239,0.1484,20.26,0.5294,0.8169,406044
1967680834093415,right,0.54,0.2628,0.0848,16.26,0.359,0.5906,232058
1970566516861642,right,0.5543,0.4358,0.1944,35.88,0.4,0.773,531834
1971515097043011,right,0.6428,0.5272,0.1772,27.66,0.6,0.9734,484984
1971524160385278,right,0.5499,0.4585,0.1993,33.33,0.4306,0.9441,545248
1973644563495710,right,0.4911,0.3508,0.0984,25.24,0.2816,0.9107,269147
1979519106332591,right,0.5529,0.3987,0.0935,26.48,0.4062,0.5882,255764
1982438192616297,right,0.5514,0.4723,0.1621,31.52,0.4648,0.9214,443575
1987930478797928,right,0.5262,0.5257,0.2493,21.99,0.5909,0.9448,682261
1989219704963045,right,0.5845,0.4422,0.2183,37.49,0.5,0.8265,597461
1989587184940422,right,0.5455,0.3958,0.1612,20.75,0.6122,0.861,441054
1997573460824732,right,0.5361,0.4644,0.1972,33.48,0.3898,0.7078,539694
2003324133939197,right,0.4536,0.2105,0.0788,27.28,0.4032,0.6611,215645
2003530596872081,right,0.5578,0.4353,0.1906,29.96,0.4483,0.9149,521548
2012348956164888,right,0.5084,0.3661,0.0544,31.86,0.3611,0.0521,148928
2012900589270037,right,0.5089,0.2959,0.0799,21.97,0.3333,0.7213,218718
2016892922487618,right,0.5731,0.4402,0.1919,25.71,0.4409,0.8611,525154
2023261624886089,right,0.752,0.6784,0.2049,27.95,0.5,0.7036,560587
2027996808117472,right,0.54,0.4565,0.1545,21.54,0.619,0.9274,422745
2028588434375563,right,0.5361,0.4768,0.1929,24.77,0.4667,0.9787,527770
2029691504268404,right,0.5183,0.3701,0.0821,36.07,0.3704,0.6811,224562
2030361164196097,right,0.4876,0.4012,0.1798,22.59,0.4,0.7822,492055
2031018597679061,right,0.9847,0.9842,0.2528,19.36,0.5455,0.9534,691762
2034632727394646,right,0.4896,0.413,0.1552,23.19,0.4231,0.9989,424560
2035613760694101,right,0.5578,0.4111,0.2111,36.4,0.4915,0.8401,577668
2035731086987244,right,0.7288,0.543,0.0766,26.86,0.4884,0.6615,209693
2037452827207461,right,0.4956,0.3775,0.1577,31.55,0.3932,0.954,431494
2042170446575558,right,0.5504,0.3992,0.1753,30.56,0.5412,0.8265,479750
2050356179151510,right,0.5455,0.5025,0.202,25.64,0.6081,0.9775,552832
2051827602332727,right,0.4995,0.3626,0.1297,32.32,0.32,0.6566,355041
2052274395563363,right,0.5415,0.2782,0.1017,16.81,0.5122,0.9967,278411
2056142318497163,right,0.4753,0.3844,0.0366,29.31,0.2879,0.5864,100216
2060721374781766,right,0.4802,0.3177,0.0797,25.4,0.2917,0.8311,217981
2061741804616985,right,0.4906,0.3424,0.1261,22.22,0.4286,0.7268,345144
2067508737369431,right,0.5341,0.5336,0.2042,18.7,0.5313,0.9823,558668
2076032736553621,right,0.541,0.4689,0.1808,26.2,0.6111,0.9845,494680
2077018436422153,right,0.5346,0.5341,0.1733,29.25,0.5294,0.9403,474098
2077774999641264,right,0.5178,0.42,0.164,26.44,0.5,0.9575,448661
2080279266063760,right,0.4827,0.2821,0.0969,34.33,0.4154,0.5779,265293
2081528746022668,right,0.5731,0.4219,0.0659,26.37,0.4024,0.4277,180330
2090463178395884,right,0.4946,0.379,0.1362,21.95,0.4257,0.7529,372696
2091788491357333,right,0.5702,0.4911,0.2284,40.91,0.4907,0.8057,625088
2092468408221857,right,0.5825,0.3389,0.1413,16.04,0.5926,0.9261,386791
2094333128057638,right,0.542,0.5415,0.1821,20.72,0.4186,0.8951,498302
2096708007793193,right,0.5316,0.2999,0.1221,23.27,0.5,0.9328,334241
2097603177698218,right,0.542,0.4778,0.2056,23.97,0.6119,0.9617,562498
2102720863793656,right,0.5949,0.462,0.1845,28.5,0.5595,0.8764,504820
2105621613582738,right,0.5529,0.5524,0.291,35.52,0.5631,0.9589,796304
2110237746471759,right,0.5548,0.2673,0.0266,30.58,0.3895,0.1154,72826
2110289229506518,right,0.5529,0.413,0.181,33.89,0.3469,0.7393,495422
2111034766098477,right,0.542,0.4516,0.2005,23.83,0.5233,0.9131,548694
2112766746131292,right,0.539,0.3034,0.148,19.39,0.3868,0.9429,405075
2117652189032184,right,0.5519,0.4748,0.1744,31.74,0.5818,0.9381,477191
2118263178907946,right,0.5534,0.3251,0.1568,17.84,0.3958,0.9015,429153
2120070032102301,right,0.4926,0.2994,0.0554,36.83,0.3704,0.6043,151563
2131308661056415,right,0.5469,0.4353,0.1744,28.76,0.375,0.7833,477119
2138606653572871,right,0.5262,0.3197,0.1117,29.96,0.5102,0.8134,305543
2138744600229190,right,0.6858,0.4936,0.1112,27.67,0.3043,0.5767,304400
2141771109911763,right,0.459,0.379,0.1053,15.5,0.383,0.9701,288142
2149541115817472,right,0.627,0.3864,0.176,30.09,0.5641,0.8136,481651
2150005315768613,right,0.5469,0.2959,0.1315,19.91,0.5132,0.9453,359929
2150706065465659,right,0.5183,0.3958,0.1454,28.25,0.4921,0.9239,397901
2151770222322353,right,0.5292,0.5,0.1985,25.5,0.5625,0.8136,543133
2166185964213885,right,0.5415,0.3967,0.1925,19.88,0.3725,0.7266,526841
2189477504915041,right,0.539,0.5385,0.1212,37.9,0.3534,0.9214,331788
2219556318571132,right,0.5099,0.4368,0.1911,24.69,0.5385,0.9956,523001
2225188971217956,right,0.5128,0.3157,0.1027,30.42,0.4364,0.719,281135
2238853403307096,right,0.5845,0.4536,0.1944,26.19,0.3913,0.9519,531842
2239560043234926,right,0.5746,0.4363,0.1909,20.2,0.4762,0.8285,522314
2253307825496328,right,0.4956,0.3123,0.089,25.91,0.3333,0.4716,243457
2264610484025409,right,0.4965,0.3859,0.1555,26.96,0.5735,0.9917,425503
2286498928495021,right,0.5445,0.4412,0.171,34.4,0.3158,0.7316,467855
2287029911773877,right,0.539,0.4244,0.1292,35.65,0.4583,0.677,353416
2305478866631529,right,0.6087,0.4629,0.1988,30.95,0.5913,0.8539,543997
2311947809280657,right,0.5173,0.3528,0.1201,26.53,0.4394,0.9383,328672
2313606779133566,right,0.6512,0.4802,0.2285,25.28,0.6098,0.8577,625279
2329391920873851,right,0.5331,0.3483,0.0966,31.42,0.375,0.8209,264235
2332799747219674,right,0.5163,0.3567,0.1014,27.88,0.4667,0.7108,277453
2335116616961046,right,0.5385,0.5277,0.1761,28.29,0.6393,0.9767,481872
2342411682927718,right,0.5509,0.5124,0.199,21.06,0.4667,0.9651,544568
2350436382049233,right,0.5232,0.3958,0.1934,24.13,0.4516,0.8862,529136
2354717114989936,right,0.5371,0.5366,0.2016,26.93,0.5745,0.9219,551788
2364463624069568,right,0.5455,0.545,0.2557,20.99,0.5195,0.9714,699785
2365028200602902,right,0.5371,0.4639,0.1925,30.51,0.4118,0.9306,526673
2373132879823968,right,0.5267,0.4387,0.1865,17.65,0.6032,0.9898,510437
2388695104881758,right,0.5183,0.4916,0.1932,23.06,0.4286,0.7372,528791
2392356001192940,right,0.5509,0.4289,0.1894,32.71,0.5429,0.9675,518361
2395531340919764,right,1.0,0.9995,0.174,21.03,0.4851,0.966,476052
2403224660127890,right,0.5435,0.543,0.198,33.42,0.5913,0.9383,541929
2413476975733282,right,0.5287,0.3478,0.1054,25.65,0.4203,0.6856,288499
24250524014645977,right,0.5277,0.4461,0.2102,21.97,0.5147,0.9758,575142
2437852359984838,right,0.4802,0.3409,0.1219,28.22,0.626,0.9064,333520
2439029319883313,right,0.7204,0.7199,0.2551,19.51,0.5306,0.9401,698094
2446793329109454,right,0.541,0.4259,0.2026,24.62,0.4235,0.9355,554422
2491281484601232,right,0.5613,0.4254,0.1254,33.72,0.3056,0.6772,343277
24926075520399526,right,0.667,0.5395,0.1337,32.57,0.6022,0.7589,365834
2494197157679472,right,0.5232,0.4738,0.0762,29.84,0.4697,0.7471,208503
25056061090735579,right,0.7258,0.5973,0.1688,28.97,0.3301,0.2843,461942
25078312285182072,right,0.5405,0.3088,0.1455,21.42,0.4286,0.9862,398094
25216932961340923,right,0.7169,0.6294,0.1747,25.93,0.3241,0.9587,478118
25333403462999284,right,0.5375,0.2307,0.0777,24.58,0.4952,0.8105,212631
25394692796876999,right,0.5707,0.5114,0.1776,25.82,0.5981,0.988,485961
25444593075213001,right,0.7238,0.5934,0.2083,21.66,0.3889,0.8849,569885
25552944791031238,right,0.544,0.3636,0.1616,22.97,0.439,0.881,442127
25567662999593838,right,0.5563,0.4847,0.2296,29.08,0.5,0.9481,628354
25571553222514931,right,0.7327,0.7322,0.27,26.44,0.587,0.9797,738868
25585498311110676,right,0.5044,0.504,0.241,20.76,0.5833,0.9734,659592
25648848208111094,right,0.5331,0.46,0.2109,25.6,0.4677,0.9762,577206
25661632140198133,right,0.5924,0.457,0.1697,25.97,0.6047,0.9126,464338
25664075729916144,right,0.4906,0.2777,0.0427,36.59,0.2857,0.4305,116976
25688353324182506,right,0.5539,0.4101,0.1386,30.95,0.4524,0.5469,379332
25699868116289391,right,0.4694,0.2969,0.0906,34.42,0.4444,0.7544,247791
25701781929453354,right,0.5707,0.4205,0.195,23.76,0.6172,0.9045,533576
25701800862792233,right,0.6873,0.4402,0.1867,41.85,0.5263,0.8678,510766
25739800855688201,right,0.5336,0.3829,0.0294,43.56,0.4959,0.5981,80518
2577937799250423,right,0.545,0.3473,0.0409,29.45,0.2603,0.4958,111826
25806640658957860,right,0.5479,0.4872,0.2407,29.39,0.5169,0.8802,658647
25839137239054871,right,0.5005,0.2821,0.1039,21.32,0.3721,0.5626,284219
25883774657913356,right,0.7317,0.583,0.1998,30.76,0.5862,0.868,546684
25941159168812453,right,0.5311,0.5306,0.1602,19.29,0.4545,0.9718,438359
25948116811448741,right,0.5726,0.4249,0.1845,28.76,0.4697,0.7888,504872
26041685642137829,right,0.5469,0.332,0.1244,26.91,0.4554,0.8191,340401
2606605919714336,right,0.5677,0.5079,0.2461,27.0,0.5577,0.9779,673360
26170091092615244,right,0.4847,0.3226,0.0829,15.96,0.4444,0.6944,226806
26186658230952935,right,0.5563,0.4733,0.2039,25.97,0.5773,0.9676,557915
26191595990433365,right,0.5548,0.5543,0.1236,28.99,0.54,0.9763,338135
2623435681362850,right,0.5637,0.5593,0.2116,36.01,0.5391,0.9198,579019
26327141133560595,right,0.4911,0.4042,0.1532,25.84,0.3971,0.9858,419359
26384959721101956,right,0.5702,0.3967,0.1233,26.19,0.2947,0.8811,337407
26418006931137350,right,0.5667,0.4368,0.2299,26.82,0.3659,0.7976,629095
26491114927156578,right,0.4862,0.4857,0.1318,19.47,0.5484,0.7589,360640
26599201713001565,right,0.5682,0.4802,0.231,25.74,0.5652,0.9785,631996
26603202785948025,right,0.5539,0.3207,0.1179,21.16,0.3898,0.7522,322507
2661131714256130,right,0.5371,0.3113,0.1595,16.88,0.3034,0.7983,436339
2664538753926429,right,0.6191,0.5573,0.2613,29.33,0.5405,0.9298,714966
26773421845591290,right,0.538,0.5375,0.2327,25.25,0.5321,0.9176,636710
2693278954398295,right,0.5865,0.586,0.2363,29.19,0.6042,0.9651,646518
2699873210361170,right,0.5618,0.166,0.0657,35.43,0.3826,0.6713,179857
2700694493631894,right,0.7307,0.6057,0.1622,34.94,0.3468,0.67,443733
2703105243402391,right,0.6042,0.3918,0.1444,29.04,0.5526,0.8287,395084
2708091806211436,right,0.5,0.418,0.127,27.69,0.4921,0.968,347489
2712677959095926,right,0.5652,0.4175,0.1668,19.87,0.575,0.9439,456395
2725775701107128,right,0.7144,0.5776,0.0976,19.73,0.5532,0.8111,266978
2730740243957222,right,0.541,0.4595,0.2063,24.83,0.4737,0.9279,564571
2734308896915290,right,0.6087,0.5203,0.1978,22.95,0.3366,0.9681,541187
2751006968584259,right,0.7189,0.5845,0.2609,17.44,0.6716,0.9604,714053
2760740610928167,right,0.5222,0.5217,0.1686,24.58,0.4259,0.9565,461337
2901205776755471,right,0.5395,0.3799,0.0785,29.05,0.3077,0.8019,214938
2987573378095522,right,0.5682,0.4699,0.1982,23.42,0.58,0.9858,542318
3044887025696264,right,0.5455,0.4185,0.1892,24.31,0.6549,0.9132,517744
3052473075143041,right,0.5346,0.5128,0.1899,21.99,0.527,0.9339,519623
3058767840979538,right,0.5637,0.4298,0.1698,26.66,0.3519,0.8447,464700
3104696489736870,right,0.5568,0.5563,0.1437,23.56,0.4146,0.692,393170
3171533006351171,right,0.5237,0.4205,0.1836,24.12,0.6,0.9772,502395
3193342847515454,right,0.6438,0.5222,0.2438,23.18,0.5479,0.9305,667174
3204277253113190,right,0.543,0.496,0.2004,23.01,0.4038,0.8802,548272
3242196589269908,right,0.5608,0.5603,0.1882,21.87,0.4118,0.9514,514984
3269990629842972,right,0.6714,0.5306,0.2093,28.6,0.3256,0.9087,572674
33328808083430627,right,0.5568,0.4061,0.1332,34.33,0.5227,0.7956,364440
3342854589210095,right,0.5647,0.4847,0.2262,23.74,0.4949,0.8148,619080
33513141465000059,right,0.5346,0.3399,0.1107,31.49,0.53,0.8631,302819
3354187268066818,right,0.5677,0.4368,0.2074,28.46,0.4554,0.9619,567506
33745680981714381,right,0.7169,0.6304,0.1361,32.61,0.3214,0.8036,372432
3420921911395480,right,0.539,0.4091,0.1864,21.7,0.4324,0.9898,510088
3422689467880403,right,0.5252,0.455,0.1856,28.37,0.6132,0.9589,507868
3422712127883033,right,0.5356,0.5351,0.1925,20.9,0.3582,0.8397,526885
3449652278532239,right,0.5405,0.4328,0.2046,26.49,0.3933,0.6665,559863
3537144276423401,right,0.5677,0.4916,0.211,18.31,0.5682,0.9956,577291
3544245925730007,right,0.5469,0.3962,0.1602,28.08,0.4688,0.929,438506
3747893192012995,right,0.4936,0.3355,0.1598,19.32,0.4815,0.971,437295
3780342608764844,right,0.5351,0.3123,0.1556,17.61,0.5806,0.8925,425820
3780417575586185,right,0.539,0.4071,0.1778,28.02,0.3725,0.7644,486591
3835609443410303,right,0.5494,0.4111,0.1553,34.9,0.4118,0.5828,424963
3851669228461074,right,0.5262,0.5257,0.1801,26.84,0.5752,0.9789,492921
3866820313452639,right,0.5395,0.539,0.2678,21.03,0.5181,0.9703,732869
3931034900360161,right,0.6507,0.5588,0.1724,30.56,0.3721,0.7551,471732
4113205652324791,right,0.4763,0.3943,0.0485,31.13,0.3617,0.6466,132738
4124858381178179,right,0.4812,0.3429,0.1493,27.74,0.6234,0.9152,408686
4143531819296326,right,0.545,0.4051,0.1636,22.95,0.4286,0.7069,447598
4148850018762892,right,0.5193,0.3325,0.0607,35.0,0.3571,0.5599,166181
4177067155891740,right,0.4926,0.3809,0.1846,27.39,0.641,0.9841,505112
4221476841450544,right,0.5662,0.4901,0.2032,32.31,0.5474,0.9592,556010
4233532136899053,right,0.539,0.5025,0.2302,22.57,0.4681,0.9236,629918
4234344016832144,right,0.5489,0.3384,0.126,25.84,0.4894,0.7617,344815
4236866639909907,right,0.4817,0.3009,0.0506,18.19,0.3721,0.2886,138413
4250825518501653,right,0.5578,0.4946,0.222,30.33,0.5616,0.9552,607360
4251259025148910,right,0.4872,0.2959,0.0579,28.97,0.3333,0.6442,158546
4269472303325068,right,0.5025,0.502,0.2343,22.39,0.5763,0.9683,641231
4270470343222418,right,0.5138,0.3572,0.1392,31.92,0.4536,0.6996,380797
4271586993155109,right,0.75,0.5781,0.1609,29.48,0.4615,0.7936,440207
4279574429036511,right,0.5405,0.54,0.2119,28.66,0.4675,0.9529,579723
4281526462100918,right,0.5726,0.5054,0.2558,31.65,0.5797,0.9489,699968
4293511804128836,right,0.5336,0.379,0.0467,35.49,0.2653,0.6821,127891
4313029822241818,right,0.5687,0.5682,0.2021,24.95,0.459,0.8445,553015
4318195948417790,right,0.5361,0.3538,0.133,29.84,0.3721,0.8995,363987
4336135309965173,right,0.5524,0.4526,0.1669,24.14,0.3585,0.4414,456721
4339624979615829,right,0.5296,0.4116,0.1812,25.75,0.4035,0.6814,495753
4378914702378975,right,0.7095,0.6097,0.1948,20.47,0.4444,0.6694,532929
4394130860815894,right,0.5326,0.3913,0.04,24.21,0.3288,0.6263,109355
4458581757694788,right,0.5425,0.3404,0.1308,31.6,0.3939,0.821,357893
4502120300019880,right,0.7149,0.6393,0.2346,31.27,0.6,0.9185,642104
4551722308478078,right,0.5089,0.3167,0.0873,29.85,0.3107,0.7063,238774
4579844412299098,right,0.5736,0.5331,0.2066,24.87,0.5902,0.8516,565303
4913397228887113,right,0.541,0.5405,0.2003,22.26,0.5625,0.9643,548043
4981647052062536,right,0.6057,0.4664,0.1731,13.8,0.4167,0.8472,473727
669938902797634,right,0.4931,0.3542,0.0394,23.36,0.378,0.209,107789
683414851428765,right,0.6784,0.6779,0.1097,28.94,0.5204,0.8024,300166
704800292569258,right,0.5351,0.334,0.1038,37.33,0.3902,0.7071,283984
705936799122000,right,0.5455,0.545,0.2027,21.9,0.4175,0.97,554609
706885022358508,right,0.4876,0.4872,0.0671,26.9,0.3077,0.586,183700
707973002251495,right,0.5524,0.4718,0.2209,21.06,0.5455,0.9524,604421
709117545466156,right,0.5539,0.5534,0.1962,21.91,0.4286,0.9699,536852
721572610833154,right,0.5415,0.4165,0.133,26.61,0.5349,0.8767,363857
725038840464655,right,0.5494,0.4293,0.2236,21.11,0.3607,0.9914,611795
725848043695914,right,0.5489,0.4792,0.2152,27.33,0.5778,0.9174,589015
725897310374625,right,0.5479,0.4718,0.2225,31.95,0.3939,0.8471,608829
725996063702259,right,0.5578,0.4412,0.2157,28.43,0.5093,0.9656,590270
730192739883112,right,0.5257,0.5252,0.2096,26.72,0.6866,0.9827,573595
730227719887771,right,0.5598,0.5593,0.2739,24.99,0.4722,0.9344,749488
731038343127085,right,0.4881,0.3449,0.117,16.88,0.5278,0.842,320145
732908866263448,right,0.5707,0.4481,0.1724,22.41,0.4375,0.7011,471719
733541009818888,right,0.4832,0.3014,0.0436,34.08,0.303,0.4377,119227
734749159406182,right,0.4872,0.3503,0.1175,20.87,0.5,0.7824,321495
735835632609466,right,0.5637,0.3384,0.1479,30.76,0.5306,0.6287,404791
738252362688192,right,0.4985,0.4377,0.1575,19.93,0.44,0.9551,431051
739171035581230,right,0.498,0.1215,0.0088,32.22,0.3855,0.7651,24031
739277652583996,right,0.5494,0.3715,0.1541,19.6,0.4565,0.9624,421615
741164925341216,right,0.5089,0.3775,0.1748,22.28,0.4775,0.8732,478375
741579452362318,right,0.4941,0.3375,0.1048,31.87,0.3902,0.7425,286846
743717461730776,right,0.5627,0.5623,0.2224,38.54,0.5114,0.885,608618
743860451691243,right,0.5356,0.3878,0.1952,25.24,0.5227,0.92,534141
744818428323140,right,0.503,0.4264,0.1788,23.88,0.5333,0.9342,489388
745087365340549,right,0.5247,0.4096,0.1839,23.29,0.5932,0.9753,503319
752698047883079,right,0.5958,0.3874,0.1396,22.24,0.3542,0.364,382141
753419470696491,right,0.5776,0.5208,0.2283,33.14,0.4804,0.848,624626
753847067763219,right,0.5005,0.4165,0.1943,22.42,0.5758,0.9765,531798
756141167538197,right,0.5385,0.4066,0.1704,20.49,0.5172,0.9531,466358
759419547204541,right,0.5099,0.374,0.0782,25.32,0.4019,0.4822,214119
761763966944879,right,0.4926,0.3463,0.1092,26.85,0.3617,0.8628,298824
762336393038066,right,0.5138,0.5133,0.2305,22.48,0.5405,0.9392,630669
764933119986483,right,0.6828,0.5543,0.1396,29.29,0.5484,0.8442,382035
766163502633293,right,0.5539,0.5534,0.1078,21.97,0.4359,0.5779,295029
766470056495805,right,0.7129,0.5672,0.055,35.73,0.4857,0.4171,150512
766808729774246,right,0.5978,0.5331,0.1723,31.44,0.5556,0.9453,471453
768560532392268,right,0.5148,0.3794,0.1682,26.35,0.5758,0.9868,460370
768671876252120,right,0.5613,0.4397,0.1681,34.85,0.5476,0.8226,460006
769264602280189,right,0.5341,0.1932,0.0885,23.31,0.4595,0.9446,242276
769895578888204,right,0.5692,0.5687,0.2351,33.42,0.5048,0.9135,643301
772062852617587,right,0.5781,0.4323,0.1462,23.35,0.56,0.8336,400108
775857785537908,right,0.5257,0.5252,0.2301,20.7,0.5526,0.9805,629559
776289251497976,right,0.5489,0.375,0.0694,35.53,0.3293,0.5722,189792
776506228144554,right,0.5469,0.5464,0.2196,30.27,0.5714,0.9538,600934
777354485420738,right,0.5015,0.501,0.1606,22.01,0.4598,0.5785,439547
778826955230634,right,0.5578,0.3043,0.1426,20.91,0.5278,0.9978,390208
780310031763691,right,0.5044,0.3488,0.1339,24.69,0.3537,0.4606,366456
780378168408596,right,0.5158,0.3967,0.1654,33.49,0.374,0.5828,452530
782836467450257,right,0.5361,0.5356,0.195,22.01,0.4333,0.8118,533494
783636614024919,right,0.538,0.4625,0.2038,30.48,0.5238,0.9573,557772
787514631032202,right,0.5588,0.5543,0.2247,24.54,0.5714,0.9602,614884
788008950976723,right,0.5371,0.4684,0.1883,29.41,0.5893,0.9528,515390
788960080881077,right,0.4872,0.3286,0.065,23.38,0.2857,0.7337,177991
802277612872346,right,0.5237,0.3626,0.1857,25.52,0.4795,0.9369,508104
809490988772221,right,0.4753,0.2767,0.0387,39.9,0.3041,0.0993,106036
812368751814751,right,0.5361,0.5356,0.2078,24.7,0.5784,0.9493,568675
812598981798057,right,0.5889,0.4432,0.1572,23.31,0.629,0.8852,430297
815308131535296,right,0.5657,0.3162,0.1063,22.77,0.3762,0.7938,290817
817247831367173,right,0.4946,0.3547,0.1136,29.92,0.3704,0.8661,310943
818237400674947,right,0.7376,0.6803,0.0477,18.54,0.3125,0.4154,130477
820352581059181,right,0.5534,0.4832,0.2175,25.91,0.5634,0.9768,595256
820765401012988,right,0.5613,0.4032,0.1956,24.86,0.3438,0.9243,535363
822606180827461,right,0.6309,0.5005,0.1595,31.11,0.3226,0.2671,436356
823016854123839,right,0.54,0.3286,0.1192,25.02,0.3953,0.7929,326247
824049470664405,right,0.5973,0.4822,0.2267,28.21,0.3478,0.8339,620330
825440233878933,right,0.5474,0.2036,0.0598,27.73,0.4375,0.7262,163540
826447323739922,right,0.501,0.373,0.1131,21.58,0.3678,0.9987,309613
827086683638668,right,0.5529,0.4526,0.1977,32.67,0.506,0.8443,541132
829269450171125,right,0.6201,0.5296,0.2131,31.49,0.3966,0.9114,583210
832433259841820,right,0.4926,0.3622,0.1649,25.88,0.3684,0.9605,451184
833166113099392,right,0.5746,0.3982,0.1248,28.29,0.5,0.7199,341401
834593096218764,right,0.4827,0.2525,0.0606,36.58,0.32,0.3552,165953
834905229531696,right,0.5282,0.1364,0.035,36.52,0.3333,0.4894,95872
838522419233683,right,0.6537,0.5119,0.2084,20.95,0.5227,0.8824,570398
838875735782466,right,0.5726,0.4812,0.2169,27.05,0.5161,0.935,593464
840378558960771,right,0.5198,0.3775,0.1761,20.17,0.5909,0.8577,481781
846056184934419,right,0.4792,0.3291,0.0818,32.59,0.3704,0.8056,223724
853309764370593,right,0.6003,0.4664,0.1697,27.01,0.4737,0.8255,464263
853329650843806,right,0.5563,0.5558,0.1729,30.04,0.6105,0.9592,473208
856875840572599,right,0.5237,0.3869,0.1751,26.39,0.4727,0.9019,479094
857620697267253,right,0.5188,0.5094,0.257,20.87,0.5745,0.9738,703331
859315216980472,right,0.6779,0.5627,0.2117,25.93,0.4286,0.9278,579387
859478193557137,right,0.5301,0.3676,0.0895,31.13,0.3846,0.7461,244842
860079123683167,right,0.6734,0.4926,0.0577,29.99,0.4691,0.524,158026
861769189958384,right,0.4629,0.0944,0.0034,22.92,0.4483,0.041,9300
862613369732220,right,0.5845,0.5128,0.1866,31.66,0.3186,0.7681,510723
862925006638470,right,0.4867,0.3108,0.0554,25.94,0.2619,0.7065,151492
863443923345163,right,0.5069,0.3844,0.1481,27.7,0.3947,0.8546,405357
864070806605516,right,0.5578,0.5539,0.2519,36.77,0.5091,0.8854,689193
864814853096805,right,0.5543,0.5539,0.1734,26.04,0.6279,0.9873,474445
865658012909007,right,0.5687,0.3794,0.0883,20.96,0.4595,0.6603,241740
867288472733249,right,0.4975,0.1388,0.0162,19.02,0.5054,0.8915,44444
867488419501523,right,0.5351,0.3992,0.0897,25.39,0.4091,0.8323,245471
867771506149754,right,0.5548,0.2964,0.1331,15.52,0.4561,0.9881,364201
867815042544173,right,0.4827,0.2268,0.0088,38.16,0.3034,0.4827,23960
868289999506142,right,0.6388,0.3379,0.0936,25.7,0.3282,0.4884,256174
869418229167168,right,0.4881,0.3295,0.0528,36.24,0.3,0.7519,144496
869626152659945,right,0.5494,0.4343,0.1167,28.85,0.375,0.838,319326
869688112493061,right,0.6393,0.4807,0.1196,26.64,0.2985,0.5779,327339
870633559043213,right,0.6003,0.5998,0.26,22.46,0.6341,0.98,711600
870854859149469,right,0.5272,0.5267,0.2823,22.14,0.4821,0.972,772546
871183052310422,right,0.585,0.4343,0.1486,26.81,0.5952,0.8394,406697
871341622484180,right,0.5385,0.538,0.1933,28.62,0.6042,0.9753,528919
872316835553003,right,0.5514,0.3384,0.0572,36.77,0.3053,0.5511,156520
872796592202026,right,0.5736,0.4511,0.2128,24.62,0.3214,0.8398,582356
873222258842108,right,0.5539,0.4778,0.1696,28.95,0.5,0.9368,464032
873934735542198,right,0.5059,0.4027,0.1388,30.42,0.3529,0.8412,379887
874194272269704,right,0.54,0.5395,0.274,22.11,0.4783,0.8956,749654
874727728814249,right,0.4956,0.3098,0.0449,34.78,0.3241,0.1138,122972
874876991843499,right,0.7258,0.6304,0.2211,22.02,0.525,0.9561,604916
874926071848551,right,0.5672,0.5667,0.2718,29.58,0.6032,0.8981,743852
875035168637325,right,0.5301,0.2846,0.0981,15.33,0.4444,0.8378,268514
875338575368044,right,0.5351,0.4649,0.2104,25.38,0.5053,0.9553,575875
875898345258159,right,0.5341,0.3844,0.135,28.39,0.5278,0.8727,369383
876050545027191,right,0.5336,0.3923,0.0769,34.2,0.3402,0.7364,210481
876090301798756,right,0.4911,0.3063,0.017,31.73,0.37,0.4278,46614
876263124998125,right,0.5311,0.2831,0.0701,22.0,0.3889,0.6053,191693
876356828607956,right,0.4807,0.3404,0.1378,27.93,0.6321,0.8949,377170
877196918358219,right,0.5479,0.4091,0.2094,20.31,0.4062,0.9056,573128
877201288479684,right,0.5356,0.4605,0.2138,26.56,0.5607,0.9758,585110
877662708503890,right,0.586,0.4293,0.1636,22.3,0.4,0.6332,447793
877740858334046,right,0.5578,0.122,0.0214,36.3,0.4331,0.6774,58487
879000634749958,right,0.5445,0.4452,0.2182,36.16,0.4545,0.9087,597137
879490978124197,right,0.5217,0.5212,0.2666,22.07,0.5072,0.9618,729462
879541654658360,right,0.5306,0.4585,0.2074,30.21,0.4198,0.9004,567674
880122781542846,right,0.5267,0.5262,0.2543,22.51,0.5357,0.941,695956
880261661428597,right,0.5558,0.5553,0.2067,21.39,0.36,0.9317,565707
880452338286992,right,0.5697,0.5662,0.1536,20.06,0.4681,0.8528,420376
880546301540353,right,0.5534,0.419,0.1911,26.87,0.5795,0.9188,522928
880884658164388,right,0.5524,0.5005,0.2212,28.1,0.5231,0.9644,605300
881188421383719,right,0.586,0.3908,0.1035,21.85,0.2955,0.4656,283314
881550861345165,right,0.5677,0.3572,0.0604,26.26,0.2727,0.4911,165350
882535064523437,right,0.502,0.3241,0.1102,25.44,0.3846,0.4075,301498
882970197669521,right,0.5484,0.4926,0.2161,26.73,0.5784,0.98,591330
883714951034222,right,0.5183,0.3918,0.1323,26.19,0.5068,0.7188,362054
883877191235318,right,0.6245,0.4699,0.1342,17.66,0.5,0.7823,367346
884220704014710,right,0.5509,0.3192,0.1494,25.83,0.4474,0.9281,408927
884553921142728,right,0.4951,0.2302,0.0649,17.19,0.3134,0.6149,177652
884671634368821,right,0.6749,0.6033,0.1759,28.32,0.314,0.9265,481442
884685654143069,right,0.4911,0.337,0.1453,18.91,0.4722,0.947,397526
884920933917013,right,0.5697,0.3221,0.1585,24.16,0.4746,0.9087,433688
885676217517741,right,0.9956,0.8597,0.2118,20.93,0.5634,0.8945,579628
885764073940853,right,0.5623,0.4412,0.1913,25.78,0.6094,0.9006,523547
885787614153590,right,0.5469,0.4792,0.1865,32.22,0.6286,0.9473,510484
886356524368498,right,0.5405,0.4733,0.2168,22.71,0.5,0.9319,593131
888040550803360,right,0.7485,0.6808,0.1009,23.92,0.5,0.8157,276233
888112937402147,right,0.4936,0.3409,0.0631,23.85,0.3947,0.1837,172628
888313200457810,right,0.6092,0.4669,0.2176,30.54,0.6034,0.8911,595579
888785626969558,right,0.5124,0.3977,0.1691,22.03,0.443,0.9354,462690
888991490388805,right,0.5568,0.4284,0.2032,30.39,0.4667,0.9184,556060
890241933381798,right,0.5489,0.5484,0.2198,21.55,0.3898,0.9622,601575
890252827296600,right,0.5257,0.5252,0.2782,21.96,0.3855,0.8864,761337
890327440214527,right,0.5672,0.4205,0.1171,24.03,0.4675,0.7856,320380
890431073534517,right,0.4995,0.3542,0.1302,25.37,0.377,0.6235,356314
890570906902228,right,0.542,0.5415,0.2198,27.24,0.4118,0.8655,601533
890719746699488,right,0.54,0.5346,0.213,20.39,0.3871,0.7304,582924
891015956773950,right,0.4684,0.2836,0.0284,34.04,0.2162,0.646,77707
891167213503995,right,0.5539,0.5534,0.2195,33.9,0.4845,0.8698,600530
891263326933285,right,0.5543,0.373,0.0506,24.25,0.3191,0.4601,138379
891500126691324,right,0.5445,0.457,0.0904,24.19,0.4138,0.5369,247405
892588013733178,right,0.4753,0.3389,0.0345,29.46,0.4211,0.0076,94454
892727883232300,right,0.5524,0.5519,0.2394,25.54,0.4667,0.967,654973
893224826397715,right,0.628,0.4876,0.1603,31.62,0.561,0.5943,438552
894892679901423,right,0.5321,0.3809,0.1254,22.48,0.5714,0.8447,343226
895418486374742,right,0.5998,0.4659,0.1747,28.8,0.4419,0.9168,478155
895726659617793,right,0.5242,0.4595,0.1975,24.44,0.625,0.973,540477
895988006738470,right,0.5716,0.5711,0.2218,24.22,0.5909,0.9778,607073
896137263353358,right,0.5425,0.4091,0.1902,23.27,0.5429,0.9018,520598
897823495992129,right,0.5405,0.3819,0.1515,21.27,0.4,0.45,414536
898415152564471,right,0.5731,0.4936,0.1769,36.25,0.4483,0.7615,484140
898733102635421,right,0.5198,0.1957,0.0183,19.32,0.4194,0.9458,50134
898865022651215,right,0.5435,0.3903,0.1802,32.34,0.5738,0.8248,493241
898988149280647,right,0.5316,0.456,0.1954,26.4,0.6087,0.977,534578
899113095937471,right,0.6359,0.5746,0.2662,30.02,0.3981,0.8228,728360
899343952485663,right,0.586,0.5183,0.2279,42.02,0.4457,0.9087,623626
899872859193208,right,0.7376,0.544,0.038,33.7,0.3333,0.0085,104057
901089792462068,right,0.4743,0.3305,0.0552,30.16,0.2273,0.5427,151096
901199622295764,right,0.4842,0.3009,0.0756,24.0,0.2982,0.9273,206739
901846948883841,right,0.4901,0.3444,0.1057,25.99,0.3396,0.1658,289301
902281576079201,right,0.5356,0.3478,0.0638,32.32,0.3204,0.6788,174677
902347535779385,right,0.5114,0.3671,0.1601,26.32,0.5,0.8923,438174
903560535445437,right,0.6047,0.3557,0.1783,28.7,0.6,0.8567,487916
904379105292943,right,0.6522,0.5173,0.0967,20.12,0.5,0.4911,264550
904509078701449,right,0.5707,0.46,0.1238,24.02,0.4286,0.6506,338754
904728885368409,right,0.6551,0.459,0.2412,50.03,0.4444,0.7667,660163
904886508674311,right,0.5138,0.3814,0.1381,25.57,0.3051,0.8424,377929
904975705443477,right,0.4684,0.2283,0.0429,36.6,0.2679,0.2433,117286
905140338537139,right,0.538,0.42,0.1721,26.38,0.4342,0.9407,470888
905586808821160,right,0.5657,0.5652,0.1988,40.94,0.5795,0.8696,543962
905782738477389,right,0.5593,0.4219,0.1894,20.83,0.5556,0.9394,518281
906260522359687,right,0.4639,0.2796,0.1008,27.99,0.3288,0.7178,275779
906548158543065,right,0.5455,0.4214,0.1831,24.73,0.5385,0.9589,500958
907125672319285,right,0.502,0.4101,0.1177,30.6,0.4651,0.924,321975
907264018369877,right,0.5217,0.4254,0.1589,20.56,0.5714,0.944,434876
907604095040331,right,0.5415,0.3211,0.1457,21.24,0.3415,0.4954,398735
908071511624203,right,0.5346,0.4654,0.2109,24.27,0.5517,0.9757,577138
908283241698206,right,0.5114,0.3696,0.1574,23.68,0.5538,0.8916,430725
908377648525423,right,0.5296,0.3325,0.1159,24.93,0.5,0.9756,317248
909138584952625,right,0.5919,0.5914,0.2572,21.56,0.3667,0.8941,703887
909346638269580,right,0.5153,0.5148,0.1943,27.89,0.5,0.9327,531822
909588888729906,right,0.5983,0.5558,0.2481,32.1,0.5604,0.8999,678873
909806631434334,right,0.5924,0.5079,0.1779,28.78,0.5417,0.9627,486896
911654724549057,right,0.4951,0.2861,0.0119,20.49,0.2093,0.8158,32458
911692355369091,right,0.5143,0.3834,0.177,19.49,0.4545,0.6423,484311
911843531350415,right,0.5336,0.3542,0.0443,35.73,0.252,0.5592,121318
911858617950420,right,0.6393,0.5252,0.1899,31.33,0.4107,0.8252,519617
911962128182143,right,0.5445,0.4807,0.2321,33.57,0.4607,0.8585,635190
912177188010816,right,0.4941,0.2969,0.0538,31.8,0.2875,0.5187,147262
912502594795629,right,0.5212,0.3147,0.1154,22.15,0.3607,0.9082,315729
913540747871783,right,0.5079,0.4259,0.1545,26.2,0.5679,0.9454,422839
913906134308823,right,0.5499,0.4239,0.1767,27.0,0.3188,0.5849,483574
914420094495242,right,0.4867,0.4862,0.2436,20.4,0.6047,0.9774,666596
914810257907185,right,0.5356,0.4209,0.1867,26.4,0.6122,0.9702,510893
914852261228471,right,0.581,0.3626,0.1237,26.03,0.4023,0.7447,338593
915184077513956,right,0.6828,0.4778,0.203,27.28,0.519,0.6109,555489
915545361008671,right,0.4837,0.4037,0.1406,26.13,0.3036,0.9804,384733
915977934198338,right,0.539,0.4644,0.1926,27.28,0.3333,0.9617,527131
916934590684854,right,0.5627,0.4012,0.1732,25.02,0.4462,0.8299,474020
917258457324156,right,0.5499,0.4753,0.2191,22.41,0.5154,0.8387,599508
917672970689568,right,0.5805,0.4279,0.1276,24.39,0.4857,0.8696,349270
917766387288117,right,0.5232,0.3365,0.0866,28.73,0.4176,0.8323,236924
918801654137525,right,0.5509,0.4328,0.1737,26.5,0.4583,0.9128,475327
919019693810045,right,0.7411,0.7233,0.0473,12.86,0.2063,0.6188,129539
920528213875565,right,0.4985,0.498,0.1339,24.77,0.4158,0.854,366538
920696376958513,right,0.5657,0.5652,0.1993,35.32,0.5657,0.9623,545259
921284913708758,right,0.5543,0.4264,0.1771,28.69,0.4556,0.6636,484732
922351420302817,right,0.5568,0.5563,0.2124,29.48,0.5865,0.9774,581098
922667660096543,right,0.5707,0.5702,0.2403,23.96,0.5313,0.9538,657650
922965443561745,right,0.4941,0.4506,0.1832,22.4,0.6,0.9932,501375
923680333510674,right,0.5049,0.5044,0.1826,22.69,0.5472,0.9851,499689
924780280111450,right,0.5346,0.5153,0.2749,24.22,0.3919,0.937,752149
924833386652295,right,0.5573,0.4081,0.1992,21.61,0.4062,0.9473,545042
924859386888779,right,0.4674,0.3686,0.0622,24.69,0.25,0.8655,170283
926256633066657,right,0.4867,0.4763,0.1611,21.22,0.4528,0.9578,440955
927311799628456,right,0.5336,0.3409,0.0996,25.11,0.3684,0.646,272509
928753649591229,right,0.5588,0.5583,0.2664,38.35,0.5424,0.906,729003
928756092985594,right,0.5746,0.5267,0.2414,27.28,0.52,0.9602,660599
929749689723996,right,0.5494,0.3987,0.1608,28.5,0.4179,0.4483,439888
930022269348269,right,0.5326,0.456,0.1471,27.18,0.4943,0.8541,402613
931194472570947,right,0.5968,0.5963,0.2221,23.76,0.5843,0.9802,607654
931535482543537,right,0.5553,0.4209,0.1898,21.7,0.4286,0.7612,519378
932702896080912,right,0.5257,0.5044,0.2655,21.28,0.55,0.9704,726400
933982593137034,right,0.5059,0.3903,0.1827,22.67,0.5833,0.8689,499877
934090222281174,right,0.5568,0.5563,0.2252,31.58,0.5556,0.9485,616227
935029322420905,right,0.5143,0.375,0.1501,13.8,0.4348,0.7509,410754
935183252296336,right,0.5124,0.3938,0.1954,23.35,0.5,0.9655,534658
936466612055619,right,0.5296,0.2446,0.126,16.01,0.3125,0.9301,344776
936697108682884,right,0.5119,0.2525,0.1139,21.88,0.5,0.9763,311806
938253245300592,right,0.5677,0.4244,0.2049,32.38,0.6129,0.891,560803
938292119373281,right,0.5464,0.3617,0.19,30.43,0.4032,0.6925,520006
944981745368039,right,0.4649,0.2446,0.0055,33.38,0.358,0.2731,15094
949134790819169,right,0.5499,0.5494,0.2907,29.65,0.413,0.9476,795396
953638180326391,right,0.5573,0.4279,0.2091,24.36,0.4821,0.8544,572114
961759896363037,right,0.5543,0.4328,0.185,27.23,0.5714,0.8852,506374
974716778583523,right,0.5543,0.5059,0.2498,19.51,0.4568,0.94,683669
981884341675256,right,0.5326,0.4343,0.2021,25.3,0.5714,0.8848,553143
982653798265555,right,0.4778,0.4773,0.2352,21.66,0.3485,0.9012,643603
997574050097130,right,0.5845,0.584,0.2272,28.43,0.5313,0.9803,621683
