image_id,side,pred_label,pred_id,score,margin,prob_baixo,prob_medio,prob_alto
1054585573520650,left,Médio,1,0.988281,0.976547,0.0,0.988281,0.011734
1054585573520650,right,Alto,2,0.971191,0.943848,0.001465,0.027344,0.971191
1055766510057649,left,Médio,1,0.915039,0.85614,0.025879,0.915039,0.058899
1055766510057649,right,Alto,2,0.766602,0.533203,0.0,0.233398,0.766602
1078501224404498,left,Médio,1,0.634277,0.269531,0.364746,0.634277,0.000929
1078501224404498,right,Alto,2,0.999023,0.998047,0.0,0.000977,0.999023
1094113686118423,left,Médio,1,0.553711,0.107666,0.0,0.553711,0.446045
1094113686118423,right,Alto,2,0.512207,0.024414,0.0,0.487793,0.512207
1098597272337297,left,Médio,1,0.883789,0.768066,0.115723,0.883789,0.000573
1098597272337297,right,Alto,2,0.94043,0.880859,0.0,0.05957,0.94043
1108508681301475,left,Baixo,0,0.833008,0.66626,0.833008,0.166748,0.000291
1108508681301475,right,Médio,1,0.880859,0.761719,0.119141,0.880859,0.000187
1132372235507698,left,Baixo,0,0.969727,0.939896,0.969727,0.029831,0.000325
1132372235507698,right,Médio,1,0.863281,0.727173,0.000488,0.863281,0.136108
1142144651168288,left,Médio,1,0.702148,0.404541,0.0,0.702148,0.297607
1142144651168288,right,Alto,2,0.900391,0.80127,0.000488,0.099121,0.900391
1144987164231232,left,Médio,1,0.858887,0.719238,0.001465,0.858887,0.139648
1144987164231232,right,Médio,1,0.433105,0.008789,0.125,0.433105,0.441895
1152111990156867,left,Baixo,0,0.789062,0.578003,0.789062,0.21106,2.8e-05
1152111990156867,right,Alto,2,0.995605,0.991211,0.0,0.004395,0.995605
1154809393395405,left,Médio,1,0.971191,0.942871,0.02832,0.971191,0.00068
1154809393395405,right,Baixo,0,0.795898,0.592529,0.795898,0.203369,0.00054
1155173570026465,left,Alto,2,0.753418,0.52832,0.021484,0.225098,0.753418
1155173570026465,right,Alto,2,0.986816,0.974609,0.000977,0.012207,0.986816
1160896362541740,left,Médio,1,0.77832,0.650024,0.093262,0.77832,0.128296
1160896362541740,right,Alto,2,0.611816,0.22998,0.006348,0.381836,0.611816
1170362778420828,left,Médio,1,0.764648,0.621094,0.143555,0.764648,0.091858
1170362778420828,right,Baixo,0,0.770508,0.548584,0.770508,0.221924,0.007874
1171918105098520,left,Médio,1,0.683105,0.367676,0.31543,0.683105,0.001432
1171918105098520,right,Alto,2,0.991699,0.983398,0.0,0.008301,0.991699
1175775731393022,left,Baixo,0,0.999023,0.99833,0.999023,0.000693,0.000114
1175775731393022,right,Baixo,0,0.9375,0.877136,0.9375,0.060364,0.002314
1179241137526227,left,Médio,1,0.960449,0.922852,0.037598,0.960449,0.001839
1179241137526227,right,Alto,2,0.623047,0.25,0.003906,0.373047,0.623047
1180265870538895,left,Médio,1,0.876953,0.779419,0.025391,0.876953,0.097534
1180265870538895,right,Médio,1,0.998047,0.996582,0.001465,0.998047,0.000482
1182830914001856,left,Baixo,0,0.547852,0.096436,0.547852,0.451416,0.000527
1182830914001856,right,Médio,1,0.561523,0.122803,0.0,0.561523,0.438721
1185195967017805,left,Médio,1,0.929688,0.859619,0.0,0.929688,0.070068
1185195967017805,right,Médio,1,0.901367,0.824219,0.077148,0.901367,0.02124
1188408920155927,left,Baixo,0,0.86377,0.72876,0.86377,0.13501,0.00132
1188408920155927,right,Médio,1,0.795898,0.612305,0.183594,0.795898,0.020645
1190492293271255,left,Médio,1,0.996094,0.992676,0.003418,0.996094,0.000325
1190492293271255,right,Médio,1,0.926758,0.854126,0.000488,0.926758,0.072632
1190528386534020,left,Médio,1,0.949219,0.898438,0.050781,0.949219,9.7e-05
1190528386534020,right,Médio,1,0.966309,0.935059,0.002441,0.966309,0.03125
1190985333222613,left,Médio,1,0.984375,0.968834,0.0,0.984375,0.015541
1190985333222613,right,Alto,2,0.967285,0.93457,0.0,0.032715,0.967285
1193665506187119,left,Médio,1,0.914551,0.83252,0.082031,0.914551,0.003469
1193665506187119,right,Alto,2,0.827637,0.678223,0.022949,0.149414,0.827637
1194253016153889,left,Médio,1,0.702637,0.405762,0.296875,0.702637,0.000386
1194253016153889,right,Alto,2,0.971191,0.942383,0.0,0.028809,0.971191
1194722449308302,left,Baixo,0,0.977539,0.957031,0.977539,0.020508,0.001734
1194722449308302,right,Médio,1,0.673828,0.360352,0.313477,0.673828,0.012627
1195195109400440,left,Médio,1,0.981445,0.962891,0.018555,0.981445,2.8e-05
1195195109400440,right,Médio,1,0.910645,0.82959,0.008301,0.910645,0.081055
1195811589304641,left,Baixo,0,0.584961,0.169922,0.584961,0.415039,8.2e-05
1195811589304641,right,Baixo,0,0.908691,0.81842,0.908691,0.090271,0.001004
1196704562443693,left,Médio,1,0.666992,0.343262,0.32373,0.666992,0.009087
1196704562443693,right,Alto,2,0.972168,0.944336,0.0,0.027832,0.972168
1198554682457878,left,Médio,1,0.911621,0.82373,0.000488,0.911621,0.087891
1198554682457878,right,Alto,2,0.995117,0.990234,0.0,0.004883,0.995117
1200522408428245,left,Médio,1,0.838867,0.678711,0.160156,0.838867,0.000873
1200522408428245,right,Médio,1,0.993652,0.988163,0.000977,0.993652,0.005489
1200624582153116,left,Médio,1,0.580078,0.181152,0.398926,0.580078,0.020767
1200624582153116,right,Baixo,0,0.794434,0.590698,0.794434,0.203735,0.001681
1201256568791368,left,Médio,1,0.986816,0.979443,0.005859,0.986816,0.007374
1201256568791368,right,Médio,1,0.932129,0.865173,0.000977,0.932129,0.066956
1204210848456463,left,Baixo,0,0.686523,0.381104,0.686523,0.30542,0.008255
1204210848456463,right,Médio,1,0.760254,0.520874,0.000488,0.760254,0.23938
1205602331703585,left,Alto,2,0.811523,0.629883,0.006836,0.181641,0.811523
1205602331703585,right,Alto,2,1.0,1.0,0.0,0.0,1.0
1206229404435999,left,Médio,1,0.88623,0.818542,0.045898,0.88623,0.067688
1206229404435999,right,Alto,2,0.595215,0.19043,0.0,0.404785,0.595215
1206380914966067,left,Médio,1,0.997559,0.996304,0.000977,0.997559,0.001255
1206380914966067,right,Médio,1,0.806641,0.61377,0.192871,0.806641,0.000548
1207402194338810,left,Baixo,0,0.955078,0.910187,0.955078,0.044891,3.2e-05
1207402194338810,right,Médio,1,0.820801,0.644531,0.17627,0.820801,0.002693
1207683418163001,left,Baixo,0,0.969727,0.940704,0.969727,0.029022,0.001129
1207683418163001,right,Médio,1,0.984375,0.974609,0.009766,0.984375,0.005775
1208391528135617,left,Médio,1,0.983398,0.973633,0.009766,0.983398,0.006905
1208391528135617,right,Alto,2,0.974609,0.949219,0.0,0.025391,0.974609
1209251104194764,left,Médio,1,0.603516,0.356934,0.246582,0.603516,0.150024
1209251104194764,right,Baixo,0,0.981445,0.970749,0.981445,0.007706,0.010696
1210736741269816,left,Médio,1,0.936035,0.882629,0.010742,0.936035,0.053406
1210736741269816,right,Médio,1,0.563477,0.126709,0.0,0.563477,0.436768
1211068320576192,left,Médio,1,0.979492,0.959122,0.0,0.979492,0.02037
1211068320576192,right,Alto,2,0.821289,0.642578,0.0,0.178711,0.821289
1211158054456833,left,Médio,1,0.991699,0.98716,0.003906,0.991699,0.004539
1211158054456833,right,Médio,1,0.94043,0.895508,0.044922,0.94043,0.014618
1211479544523327,left,Médio,1,0.995117,0.990868,0.000488,0.995117,0.00425
1211479544523327,right,Alto,2,0.983887,0.969238,0.001465,0.014648,0.983887
1211784874427250,left,Médio,1,0.941895,0.885254,0.056641,0.941895,0.001495
1211784874427250,right,Alto,2,0.973145,0.946777,0.000488,0.026367,0.973145
1212016577136347,left,Médio,1,0.888672,0.777832,0.11084,0.888672,0.000634
1212016577136347,right,Alto,2,0.999023,0.998047,0.0,0.000977,0.999023
1212256993779195,left,Médio,1,0.689453,0.423584,0.044922,0.689453,0.265869
1212256993779195,right,Alto,2,0.994629,0.990234,0.000977,0.004395,0.994629
1212295674344227,left,Baixo,0,0.837402,0.682617,0.837402,0.154785,0.007694
1212295674344227,right,Alto,2,0.623047,0.372559,0.126465,0.250488,0.623047
1213351277432645,left,Médio,1,0.933594,0.867188,0.066406,0.933594,0.000104
1213351277432645,right,Alto,2,0.98877,0.978516,0.000977,0.010254,0.98877
1213525263658761,left,Baixo,0,0.999512,0.998714,0.999512,0.0,0.000798
1213606033619456,left,Médio,1,0.99707,0.995195,0.000977,0.99707,0.001875
1213606033619456,right,Médio,1,0.968262,0.940201,0.003906,0.968262,0.028061
1215543066680868,left,Médio,1,0.958496,0.924805,0.033691,0.958496,0.007755
1215543066680868,right,Alto,2,0.782715,0.56543,0.0,0.217285,0.782715
1215632153406611,left,Baixo,0,0.996094,0.992674,0.996094,0.00342,0.000494
1215632153406611,right,Médio,1,0.994141,0.989384,0.000977,0.994141,0.004757
1216014550636699,left,Médio,1,0.997559,0.996094,0.001465,0.997559,0.001124
1216014550636699,right,Alto,2,0.998047,0.996094,0.0,0.001953,0.998047
1216050003338949,left,Alto,2,0.818359,0.636475,0.181885,0.0,0.818359
1216243160614217,left,Baixo,0,0.994629,0.989185,0.994629,0.005444,4.5e-05
1216243160614217,right,Baixo,0,0.989258,0.979958,0.989258,0.0093,0.001604
1218263400262881,left,Médio,1,0.999023,0.99821,0.0,0.999023,0.000813
1218263400262881,right,Alto,2,0.555176,0.114746,0.004395,0.44043,0.555176
1218540693183921,left,Baixo,0,0.836914,0.674683,0.836914,0.162231,0.000712
1218540693183921,right,Baixo,0,0.993164,0.986473,0.993164,0.00016,0.006691
1219125432973315,left,Médio,1,0.700684,0.401855,0.298828,0.700684,0.000431
1219125432973315,right,Médio,1,0.95752,0.93457,0.022949,0.95752,0.019379
1219866152925667,left,Médio,1,0.98291,0.966309,0.016602,0.98291,0.000699
1219866152925667,right,Alto,2,0.994141,0.988281,0.0,0.005859,0.994141
1220474026208511,left,Baixo,0,0.984863,0.972763,0.984863,0.0121,0.002855
1220474026208511,right,Médio,1,0.734375,0.469238,0.000488,0.734375,0.265137
1220698536105422,left,Baixo,0,0.984375,0.968628,0.984375,0.015747,3.2e-05
1220698536105422,right,Médio,1,0.785156,0.570801,0.000488,0.785156,0.214355
1221739099329135,left,Médio,1,0.962891,0.928223,0.034668,0.962891,0.002653
1221739099329135,right,Alto,2,0.746094,0.525879,0.033691,0.220215,0.746094
1221861562821050,left,Médio,1,0.995605,0.992188,0.003418,0.995605,0.00094
1221861562821050,right,Baixo,0,0.55127,0.102783,0.55127,0.448486,0.000144
1223187719787802,left,Médio,1,0.720703,0.441406,0.0,0.720703,0.279297
1223187719787802,right,Médio,1,0.867188,0.734131,0.0,0.867188,0.133057
1223250579768836,left,Médio,1,0.45166,0.039551,0.491211,0.45166,0.05719
1223250579768836,right,Alto,2,0.884766,0.824707,0.055176,0.060059,0.884766
1224707399803285,left,Médio,1,0.885254,0.770874,0.000488,0.885254,0.11438
1224707399803285,right,Médio,1,0.918457,0.838379,0.001465,0.918457,0.080078
1225012898957316,left,Médio,1,0.880371,0.762817,0.001953,0.880371,0.117554
1225012898957316,right,Médio,1,0.992188,0.986633,0.002441,0.992188,0.005554
1226573859402968,left,Médio,1,0.976562,0.953278,0.0,0.976562,0.023285
1226573859402968,right,Alto,2,0.939941,0.880859,0.000977,0.059082,0.939941
1226696162757940,left,Médio,1,0.965332,0.930847,0.0,0.965332,0.034485
1226696162757940,right,Médio,1,0.553223,0.11377,0.439453,0.553223,0.00729
1226963285463928,left,Baixo,0,0.71875,0.4375,0.71875,0.28125,8e-06
1226963285463928,right,Baixo,0,0.993652,0.989954,0.993652,0.003698,0.002424
1227256968737882,left,Médio,1,0.535156,0.070312,0.464844,0.535156,1.4e-05
1227256968737882,right,Alto,2,0.848145,0.696289,0.0,0.151855,0.848145
1228320718795786,left,Baixo,0,1.0,0.999829,1.0,0.000171,4e-06
1228320718795786,right,Médio,1,0.746094,0.505127,0.013184,0.746094,0.240967
1228434269490090,left,Médio,1,0.508789,0.032715,0.476074,0.508789,0.015076
1232112408886135,left,Médio,1,0.974121,0.948166,0.0,0.974121,0.025955
1232112408886135,right,Médio,1,0.82373,0.662598,0.161133,0.82373,0.0149
1233565365534439,left,Médio,1,0.959473,0.921875,0.037598,0.959473,0.002924
1233565365534439,right,Alto,2,0.830566,0.662109,0.000977,0.168457,0.830566
1234775212104396,left,Baixo,0,0.977051,0.954559,0.977051,0.022491,0.000443
1236691971731821,left,Médio,1,0.988281,0.977051,0.01123,0.988281,0.000519
1236691971731821,right,Médio,1,0.518066,0.036621,0.481445,0.518066,0.000315
1238093737753210,left,Baixo,0,0.726074,0.46582,0.726074,0.260254,0.013687
1238093737753210,right,Médio,1,0.995605,0.992531,0.001465,0.995605,0.003075
1239455914788859,left,Baixo,0,0.966797,0.935242,0.966797,0.031555,0.001574
1239455914788859,right,Alto,2,0.935547,0.871582,0.000488,0.063965,0.935547
1239627844733244,left,Médio,1,0.518555,0.037842,0.000977,0.518555,0.480713
1239627844733244,right,Alto,2,0.689941,0.380371,0.000488,0.30957,0.689941
1240979041240356,left,Baixo,0,0.623047,0.246338,0.623047,0.376709,0.000325
1240979041240356,right,Alto,2,0.796875,0.594727,0.000977,0.202148,0.796875
1244612077591638,left,Médio,1,0.998535,0.997559,0.000977,0.998535,0.000477
1244612077591638,right,Alto,2,0.777344,0.554688,0.0,0.222656,0.777344
1244920600822608,left,Médio,1,0.569336,0.138428,0.0,0.569336,0.430908
1244920600822608,right,Alto,2,0.909668,0.819336,0.0,0.090332,0.909668
1246317310717727,left,Médio,1,0.973145,0.946289,0.026855,0.973145,0.000161
1246317310717727,right,Médio,1,0.962402,0.924805,0.037598,0.962402,0.00019
1248656530656091,left,Médio,1,0.996582,0.994629,0.001953,0.996582,0.001661
1248656530656091,right,Médio,1,0.983887,0.968758,0.000977,0.983887,0.015129
1250047723651445,left,Médio,1,0.984375,0.968948,0.0,0.984375,0.015427
1250047723651445,right,Alto,2,0.999512,0.999023,0.0,0.000488,0.999512
1250239883314025,left,Médio,1,0.970215,0.942383,0.027832,0.970215,0.0021
1250239883314025,right,Médio,1,0.772949,0.546021,0.0,0.772949,0.226929
1250350566946072,left,Médio,1,0.981445,0.962646,0.0,0.981445,0.018799
1250350566946072,right,Alto,2,0.996582,0.993164,0.0,0.003418,0.996582
1251008053544423,left,Baixo,0,0.980469,0.966599,0.980469,0.01387,0.005428
1251008053544423,right,Baixo,0,0.62207,0.244629,0.62207,0.377441,0.000672
1251008100459063,left,Médio,1,0.570312,0.149902,0.42041,0.570312,0.009521
1251008100459063,right,Alto,2,0.891113,0.784668,0.002441,0.106445,0.891113
1251565090162279,left,Alto,2,0.821777,0.643555,0.0,0.178223,0.821777
1251565090162279,right,Médio,1,0.681641,0.363037,0.0,0.681641,0.318604
1254026776599532,left,Médio,1,0.940918,0.884277,0.056641,0.940918,0.00255
1254026776599532,right,Baixo,0,0.908691,0.817322,0.908691,0.09137,4e-06
1255072750058520,left,Médio,1,0.991211,0.984863,0.006348,0.991211,0.002378
1255072750058520,right,Médio,1,0.719238,0.44043,0.001953,0.719238,0.278809
1256968123204962,left,Médio,1,0.774414,0.549316,0.225098,0.774414,0.000479
1256968123204962,right,Médio,1,0.855957,0.714355,0.141602,0.855957,0.002323
1257563829586641,left,Baixo,0,0.681641,0.363037,0.681641,0.318604,9.5e-05
1257563829586641,right,Médio,1,0.690918,0.479004,0.211914,0.690918,0.097229
1257670266571436,left,Médio,1,0.937988,0.876465,0.061523,0.937988,0.000296
1257670266571436,right,Médio,1,0.720703,0.525879,0.194824,0.720703,0.084656
1258407576183580,left,Baixo,0,0.972168,0.945129,0.972168,0.027039,0.000804
1258407576183580,right,Alto,2,0.851562,0.724121,0.127441,0.020996,0.851562
1258449152799206,left,Médio,1,0.993164,0.989708,0.003418,0.993164,0.003456
1258449152799206,right,Baixo,0,0.98877,0.97731,0.98877,0.011459,9e-06
1259072099397000,left,Médio,1,0.757324,0.515137,0.242188,0.757324,0.000727
1259072099397000,right,Alto,2,0.663574,0.413086,0.085938,0.250488,0.663574
1259224912718795,left,Alto,2,0.885254,0.770996,0.114258,0.0,0.885254
1259224912718795,right,Alto,2,0.955566,0.913086,0.001953,0.04248,0.955566
1260927586092689,left,Médio,1,0.973145,0.947968,0.001465,0.973145,0.025177
1260927586092689,right,Médio,1,0.960449,0.92334,0.037109,0.960449,0.00226
1262455665943727,left,Médio,1,0.981934,0.965332,0.016602,0.981934,0.001604
1262455665943727,right,Baixo,0,0.97168,0.943619,0.97168,0.028061,0.00022
1263308915849193,left,Baixo,0,0.938477,0.899719,0.938477,0.038757,0.022766
1263308915849193,right,Alto,2,0.98291,0.966309,0.000488,0.016602,0.98291
1263529192346648,left,Médio,1,0.831543,0.669922,0.161621,0.831543,0.006878
1263529192346648,right,Médio,1,0.591797,0.184082,0.000488,0.591797,0.407715
1278680214098318,left,Baixo,0,0.988281,0.97905,0.988281,0.002319,0.009232
1278680214098318,right,Médio,1,0.964355,0.929657,0.000977,0.964355,0.034698
1287742566635552,left,Médio,1,0.943848,0.909088,0.021484,0.943848,0.03476
1287742566635552,right,Médio,1,0.856445,0.715576,0.002441,0.856445,0.140869
1289372329877488,right,Alto,2,0.753418,0.530273,0.023438,0.223145,0.753418
1291735926071791,left,Alto,2,0.671387,0.343262,0.000488,0.328125,0.671387
1291735926071791,right,Alto,2,0.893066,0.786133,0.0,0.106934,0.893066
1296931892274851,left,Médio,1,0.913574,0.828186,0.000977,0.913574,0.085388
1296931892274851,right,Médio,1,0.516602,0.038574,0.005371,0.516602,0.478027
1296974172456812,left,Baixo,0,0.789062,0.579102,0.789062,0.209961,0.000993
1296974172456812,right,Baixo,0,0.693848,0.387695,0.693848,0.306152,4e-05
1298927928669999,left,Médio,1,0.996094,0.992529,0.000488,0.996094,0.003565
1298927928669999,right,Alto,2,0.961426,0.922852,0.0,0.038574,0.961426
1302941701867534,left,Médio,1,0.78125,0.562988,0.218262,0.78125,0.000253
1302941701867534,right,Médio,1,0.87207,0.744995,0.000977,0.87207,0.127075
1306547198166735,left,Médio,1,0.880371,0.817688,0.057129,0.880371,0.062683
1306547198166735,right,Baixo,0,0.941895,0.886536,0.941895,0.055359,0.00279
1310886747742717,left,Médio,1,0.987793,0.975586,0.012207,0.987793,0.000177
1310886747742717,right,Alto,2,0.994141,0.988281,0.0,0.005859,0.994141
1314311003838610,left,Médio,1,0.996094,0.993019,0.000977,0.996094,0.003075
1314311003838610,right,Médio,1,0.995117,0.990078,0.0,0.995117,0.005039
1318888173289639,left,Médio,1,0.997559,0.995483,0.000488,0.997559,0.002075
1318888173289639,right,Alto,2,0.993652,0.987305,0.0,0.006348,0.993652
1319254270232961,left,Médio,1,0.98584,0.972168,0.013672,0.98584,0.000451
1319254270232961,right,Médio,1,0.832031,0.747864,0.083984,0.832031,0.084167
1321217026694575,left,Médio,1,0.986328,0.973145,0.013184,0.986328,0.000727
1321217026694575,right,Alto,2,0.615234,0.230469,0.0,0.384766,0.615234
1326248478922947,left,Baixo,0,0.87207,0.744141,0.87207,0.12793,3.9e-05
1326248478922947,right,Baixo,0,0.992188,0.98455,0.992188,0.007637,0.000265
1331546078657404,left,Médio,1,0.922852,0.852295,0.006348,0.922852,0.070557
1331546078657404,right,Médio,1,0.813965,0.668457,0.145508,0.813965,0.040527
1332103985336567,left,Médio,1,0.920898,0.847717,0.005859,0.920898,0.073181
1332103985336567,right,Alto,2,0.899902,0.800293,0.000488,0.099609,0.899902
1336792478219656,left,Médio,1,0.941406,0.883484,0.000488,0.941406,0.057922
1336792478219656,right,Alto,2,0.717773,0.436523,0.000977,0.28125,0.717773
1346841677216920,left,Médio,1,0.884277,0.768555,0.115723,0.884277,2.8e-05
1346841677216920,right,Médio,1,0.994629,0.991699,0.00293,0.994629,0.002342
1348420273723117,left,Médio,1,0.916992,0.838623,0.004395,0.916992,0.078369
1348420273723117,right,Alto,2,0.533691,0.073242,0.005859,0.460449,0.533691
1350353423558512,left,Médio,1,0.972656,0.945282,0.0,0.972656,0.027374
1350353423558512,right,Alto,2,0.947754,0.895996,0.000488,0.051758,0.947754
1350883036811591,left,Baixo,0,0.971191,0.945297,0.971191,0.025894,0.00297
1350883036811591,right,Alto,2,0.911621,0.823242,0.0,0.088379,0.911621
1353163516583562,left,Médio,1,0.964355,0.946503,0.017578,0.964355,0.017853
1353163516583562,right,Baixo,0,0.993652,0.987656,0.993652,0.005997,0.00057
1354513199777932,left,Médio,1,0.812988,0.637207,0.175781,0.812988,0.011032
1354513199777932,right,Baixo,0,0.96875,0.937561,0.96875,0.031189,0.000242
1356801969462577,left,Baixo,0,0.885254,0.770935,0.885254,0.114319,0.000267
1356801969462577,right,Médio,1,0.519043,0.044434,0.474609,0.519043,0.00634
1362062285938228,left,Médio,1,0.551758,0.10376,0.0,0.551758,0.447998
1362062285938228,right,Alto,2,0.87793,0.755859,0.0,0.12207,0.87793
1371967864682200,left,Baixo,0,0.636719,0.351074,0.636719,0.285645,0.077515
1371967864682200,right,Médio,1,0.852051,0.703979,0.0,0.852051,0.148071
1372167027492504,left,Médio,1,0.998047,0.996582,0.001465,0.998047,0.000462
1372167027492504,right,Médio,1,0.896484,0.813965,0.08252,0.896484,0.02124
1377814113492072,left,Baixo,0,0.588379,0.180908,0.588379,0.407471,0.00404
1377814113492072,right,Alto,2,0.80127,0.621094,0.018555,0.180176,0.80127
1377828017366725,left,Médio,1,0.707031,0.414551,0.29248,0.707031,0.000416
1377828017366725,right,Médio,1,0.961426,0.935913,0.013184,0.961426,0.025513
1378078556812088,left,Médio,1,0.985352,0.971664,0.000977,0.985352,0.013687
1378078556812088,right,Médio,1,0.974609,0.949707,0.024902,0.974609,0.000333
1378628324008521,left,Baixo,0,0.96582,0.934692,0.96582,0.031128,0.003052
1378628324008521,right,Baixo,0,0.991699,0.983765,0.991699,0.007935,0.000249
1380543313180994,left,Médio,1,0.745117,0.494141,0.003906,0.745117,0.250977
1380543313180994,right,Alto,2,0.998047,0.996582,0.000488,0.001465,0.998047
1380707189888083,left,Baixo,0,0.626953,0.254639,0.626953,0.372314,0.00097
1380707189888083,right,Alto,2,0.993164,0.987793,0.001465,0.005371,0.993164
1380934616514043,left,Baixo,0,0.566406,0.137207,0.566406,0.429199,0.0047
1380934616514043,right,Médio,1,0.991211,0.986603,0.004395,0.991211,0.004608
1381956993132806,left,Médio,1,0.67627,0.354492,0.321777,0.67627,0.001965
1381956993132806,right,Médio,1,0.595703,0.191406,0.404297,0.595703,0.000185
1382131783377368,left,Baixo,0,0.952637,0.905243,0.952637,0.047394,4.3e-05
1382131783377368,right,Baixo,0,0.964844,0.933716,0.964844,0.031128,0.004265
1382545929714076,left,Baixo,0,0.511719,0.026611,0.511719,0.485107,0.002958
1382545929714076,right,Alto,2,0.999512,0.999023,0.0,0.000488,0.999512
1383786792917655,left,Baixo,0,0.72998,0.465332,0.72998,0.264648,0.005489
1383786792917655,right,Baixo,0,0.958984,0.920044,0.958984,0.03894,0.00205
1384332270107952,left,Baixo,0,0.98584,0.97168,0.98584,0.01416,1.2e-05
1384332270107952,right,Baixo,0,0.998535,0.997317,0.998535,0.001218,0.000181
1385643980024797,left,Médio,1,0.987793,0.977539,0.010254,0.987793,0.001782
1385643980024797,right,Alto,2,0.95752,0.915039,0.0,0.04248,0.95752
1386031926556039,left,Médio,1,0.984375,0.968887,0.0,0.984375,0.015488
1386031926556039,right,Alto,2,0.999512,0.999023,0.0,0.000488,0.999512
1386659806436201,left,Baixo,0,0.992676,0.985271,0.992676,0.007404,2.5e-05
1388056296452252,left,Médio,1,0.579102,0.158447,0.0,0.579102,0.420654
1388056296452252,right,Alto,2,0.983887,0.967773,0.0,0.016113,0.983887
1390586222762993,left,Médio,1,0.992188,0.986137,0.001953,0.992188,0.00605
1390586222762993,right,Médio,1,0.887207,0.779419,0.004883,0.887207,0.107788
1390827636109787,left,Médio,1,0.939453,0.894043,0.04541,0.939453,0.015251
1390827636109787,right,Médio,1,0.957031,0.918945,0.038086,0.957031,0.004944
1392754745929546,left,Baixo,0,0.998047,0.996393,0.998047,0.001654,0.000511
1392754745929546,right,Baixo,0,0.994141,0.988548,0.994141,0.005592,4.9e-05
1392756218967320,left,Médio,1,0.990723,0.982506,0.000977,0.990723,0.008217
1392756218967320,right,Médio,1,0.95459,0.910156,0.044434,0.95459,0.000981
1393717621721391,left,Baixo,0,0.826172,0.652466,0.826172,0.173706,0.000323
1393778205054491,left,Médio,1,0.82373,0.647461,0.17627,0.82373,6.3e-05
1393778205054491,right,Médio,1,0.942383,0.884766,0.057617,0.942383,3.6e-05
1395273942143354,left,Alto,2,0.888672,0.799805,0.022461,0.088867,0.888672
1395273942143354,right,Alto,2,0.999023,0.998047,0.0,0.000977,0.999023
1395639348938006,left,Médio,1,0.962891,0.928223,0.034668,0.962891,0.002481
1395639348938006,right,Médio,1,0.885742,0.772949,0.001465,0.885742,0.112793
1395934041991697,left,Médio,1,0.989258,0.983398,0.005859,0.989258,0.005062
1395934041991697,right,Médio,1,0.961426,0.9375,0.023926,0.961426,0.014503
1396589802165942,left,Médio,1,0.943359,0.903809,0.039551,0.943359,0.016922
1396589802165942,right,Alto,2,0.870605,0.741211,0.0,0.129395,0.870605
1397193411875383,left,Médio,1,0.98877,0.978027,0.010742,0.98877,0.000245
1397193411875383,right,Médio,1,0.946289,0.911621,0.034668,0.946289,0.019241
1397289001891897,left,Médio,1,0.637207,0.274902,0.362305,0.637207,0.000431
1397289001891897,right,Médio,1,0.820801,0.645996,0.174805,0.820801,0.004608
1397537331858892,left,Médio,1,0.964844,0.929901,0.0,0.964844,0.034943
1397537331858892,right,Baixo,0,0.999512,0.999161,0.999512,0.00035,1.4e-05
1397692841850972,left,Médio,1,0.465088,0.004883,0.064941,0.465088,0.469971
1397692841850972,right,Alto,2,0.996094,0.992188,0.0,0.003906,0.996094
1398304535356527,left,Médio,1,0.985352,0.973114,0.002441,0.985352,0.012238
1398304535356527,right,Alto,2,0.657715,0.315918,0.000488,0.341797,0.657715
1400636838378852,left,Médio,1,0.959961,0.923828,0.036133,0.959961,0.00399
1400636838378852,right,Médio,1,0.556641,0.113281,0.0,0.556641,0.443359
1401073201811540,left,Médio,1,0.755859,0.517578,0.005859,0.755859,0.238281
1401073201811540,right,Alto,2,0.507324,0.015625,0.000977,0.491699,0.507324
1402026028248991,left,Baixo,0,0.919922,0.841187,0.919922,0.078735,0.001467
1403039954848717,left,Médio,1,0.912598,0.826111,0.000977,0.912598,0.086487
1403039954848717,right,Médio,1,0.972656,0.950027,0.004883,0.972656,0.022629
1403816324476388,left,Baixo,0,0.936035,0.875977,0.936035,0.060059,0.003901
1403816324476388,right,Alto,2,0.89502,0.790039,0.0,0.10498,0.89502
1404461044567426,left,Alto,2,0.666992,0.333984,0.0,0.333008,0.666992
1404461044567426,right,Médio,1,0.791504,0.591309,0.200195,0.791504,0.008255
1405850647694198,left,Médio,1,0.996094,0.992676,0.003418,0.996094,0.000696
1405850647694198,right,Médio,1,0.881348,0.763184,0.000488,0.881348,0.118164
1407125064394761,left,Médio,1,0.987305,0.979549,0.004883,0.987305,0.007755
1407125064394761,right,Alto,2,0.616699,0.233398,0.0,0.383301,0.616699
1407770281016803,left,Médio,1,0.620605,0.241211,0.379395,0.620605,0.000213
1407770281016803,right,Médio,1,0.973633,0.959961,0.013672,0.973633,0.012672
1407776894325119,left,Alto,2,0.525391,0.067871,0.01709,0.45752,0.525391
1407776894325119,right,Baixo,0,0.712891,0.427734,0.712891,0.285156,0.002157
1409153660755721,left,Alto,2,0.525391,0.063477,0.012695,0.461914,0.525391
1409153660755721,right,Médio,1,0.896484,0.793091,0.0,0.896484,0.103394
1409466197382626,left,Médio,1,0.978516,0.958008,0.020508,0.978516,0.000937
1409466197382626,right,Baixo,0,0.992676,0.985741,0.992676,0.006935,0.000353
1410000774200721,left,Baixo,0,0.996582,0.994135,0.996582,0.002447,0.000801
1410000774200721,right,Médio,1,0.94873,0.898926,0.049805,0.94873,0.001675
1410081877476533,left,Médio,1,0.973633,0.947754,0.025879,0.973633,0.000403
1410081877476533,right,Alto,2,0.970215,0.94043,0.0,0.029785,0.970215
1410321647301111,left,Baixo,0,0.813477,0.626953,0.813477,0.186523,0.00013
1410321647301111,right,Baixo,0,0.987305,0.97448,0.987305,0.0,0.012825
1410331477472163,left,Médio,1,0.947266,0.898438,0.048828,0.947266,0.003824
1410331477472163,right,Baixo,0,0.998535,0.997327,0.998535,0.001208,0.000138
1411162110501640,left,Baixo,0,0.941895,0.883911,0.941895,0.057983,2.3e-05
1411162110501640,right,Alto,2,0.853516,0.709473,0.002441,0.144043,0.853516
1411390834011555,left,Médio,1,0.858887,0.722168,0.136719,0.858887,0.004486
1411390834011555,right,Baixo,0,0.778809,0.591064,0.778809,0.187744,0.033325
1411404727051563,left,Médio,1,0.75,0.50293,0.24707,0.75,0.003063
1411404727051563,right,Baixo,0,0.961426,0.928192,0.961426,0.033234,0.005535
1411745847280316,left,Médio,1,0.855469,0.75293,0.102539,0.855469,0.041931
1411745847280316,right,Médio,1,0.963379,0.938995,0.012207,0.963379,0.024384
1411779767168904,left,Médio,1,0.883301,0.791504,0.091797,0.883301,0.024887
1411779767168904,right,Médio,1,0.867676,0.73584,0.131836,0.867676,0.000532
1412241700309530,left,Médio,1,0.958496,0.927246,0.03125,0.958496,0.010056
1412241700309530,right,Alto,2,0.535645,0.071289,0.0,0.464355,0.535645
1412342400281491,left,Médio,1,0.94043,0.881317,0.000488,0.94043,0.059113
1412342400281491,right,Médio,1,0.517578,0.037598,0.47998,0.517578,0.002253
1413048036873040,left,Médio,1,0.935547,0.871155,0.0,0.935547,0.064392
1413048036873040,right,Alto,2,0.983887,0.967773,0.0,0.016113,0.983887
1413279253685438,left,Médio,1,0.897949,0.796692,0.000977,0.897949,0.101257
1413279253685438,right,Alto,2,0.914062,0.830078,0.001953,0.083984,0.914062
1413709876792566,left,Médio,1,0.942383,0.885742,0.056641,0.942383,0.000741
1413709876792566,right,Médio,1,0.959961,0.920898,0.039062,0.959961,0.000846
1414105776834275,left,Médio,1,0.986328,0.973259,0.000488,0.986328,0.013069
1414105776834275,right,Alto,2,0.997559,0.995117,0.0,0.002441,0.997559
1414377363494645,left,Baixo,0,0.995117,0.990124,0.995117,0.004993,8e-06
1414377363494645,right,Baixo,0,0.658691,0.317627,0.658691,0.341064,0.000689
1414534973456884,left,Médio,1,0.969238,0.938477,0.030762,0.969238,0.000193
1414534973456884,right,Médio,1,0.671875,0.34375,0.328125,0.671875,7.4e-05
1414694990193076,left,Médio,1,0.738281,0.499268,0.022949,0.738281,0.239014
1414694990193076,right,Alto,2,0.967285,0.935547,0.000977,0.031738,0.967285
1415079423407781,left,Baixo,0,1.0,0.999956,1.0,4.4e-05,0.0
1415079423407781,right,Alto,2,0.887207,0.797852,0.023438,0.089355,0.887207
1416750699856114,left,Médio,1,0.898926,0.800293,0.098633,0.898926,0.002672
1416750699856114,right,Alto,2,0.930664,0.861816,0.000488,0.068848,0.930664
1418295829734439,left,Médio,1,0.758789,0.517578,0.241211,0.758789,0.000203
1418295829734439,right,Médio,1,0.788086,0.581055,0.207031,0.788086,0.005062
1419043652941607,left,Baixo,0,0.515625,0.03125,0.515625,0.484375,5.9e-05
1419043652941607,right,Médio,1,0.984863,0.974655,0.004883,0.984863,0.010208
1420584419429024,left,Baixo,0,0.987793,0.976654,0.987793,0.011139,0.001053
1420584419429024,right,Médio,1,0.785645,0.575195,0.210449,0.785645,0.003664
1420740776299361,left,Médio,1,0.544922,0.10498,0.439941,0.544922,0.015305
1420740776299361,right,Médio,1,0.991699,0.983765,0.000488,0.991699,0.007935
1420950749498323,left,Médio,1,0.919434,0.839355,0.080078,0.919434,0.000424
1420950749498323,right,Baixo,0,0.997559,0.995096,0.997559,0.002462,0.000158
1421059283051180,left,Baixo,0,0.614746,0.230469,0.614746,0.384277,0.000947
1421059283051180,right,Baixo,0,0.944336,0.889435,0.944336,0.054901,0.000612
1421168362878511,left,Médio,1,0.973633,0.947266,0.026367,0.973633,1e-05
1421168362878511,right,Médio,1,0.505371,0.013184,0.492188,0.505371,0.002562
1423606499493597,left,Médio,1,0.961426,0.923248,0.000488,0.961426,0.038177
1423606499493597,right,Alto,2,1.0,1.0,0.0,0.0,1.0
1424429882396937,left,Alto,2,0.506836,0.013672,0.0,0.493164,0.506836
1424429882396937,right,Baixo,0,0.76416,0.528564,0.76416,0.235596,0.000217
1424509659085197,left,Médio,1,0.98877,0.97744,0.0,0.98877,0.01133
1424509659085197,right,Alto,2,1.0,1.0,0.0,0.0,1.0
1425131529401315,left,Médio,1,0.835449,0.670898,0.164551,0.835449,0.000124
1425131529401315,right,Baixo,0,0.728027,0.457031,0.728027,0.270996,0.000866
1425835412228453,left,Médio,1,0.734375,0.473877,0.005371,0.734375,0.260498
1425835412228453,right,Alto,2,0.606445,0.212891,0.0,0.393555,0.606445
1425923322532724,left,Baixo,0,0.931152,0.862549,0.931152,0.068604,4.1e-05
1425923322532724,right,Médio,1,0.90918,0.824829,0.006348,0.90918,0.084351
1425991312448776,left,Médio,1,0.995117,0.991674,0.001465,0.995117,0.003443
1425991312448776,right,Alto,2,0.999512,0.999023,0.0,0.000488,0.999512
1426707985712979,left,Médio,1,0.984375,0.969238,0.015137,0.984375,0.000291
1426707985712979,right,Médio,1,0.696777,0.393555,0.303223,0.696777,1.5e-05
1427150165784210,left,Médio,1,0.994629,0.989746,0.004883,0.994629,0.000677
1427150165784210,right,Baixo,0,0.958984,0.917999,0.958984,0.040985,0.000104
1427958482054319,left,Alto,2,0.774414,0.55127,0.002441,0.223145,0.774414
1427958482054319,right,Baixo,0,0.836426,0.672729,0.836426,0.163696,5e-05
1428170365484911,left,Baixo,0,0.98877,0.97731,0.98877,0.0,0.011459
1428170365484911,right,Baixo,0,0.999023,0.998185,0.999023,0.0,0.000838
1428186092099705,left,Baixo,0,0.678711,0.357422,0.678711,0.321289,5.7e-05
1428186092099705,right,Médio,1,0.646484,0.429688,0.216797,0.646484,0.136841
1428371022246527,left,Médio,1,0.59668,0.193359,0.40332,0.59668,0.000121
1428371022246527,right,Médio,1,0.515625,0.033447,0.001953,0.515625,0.482178
1428505192311889,left,Baixo,0,0.541016,0.101074,0.541016,0.439941,0.019012
1428505192311889,right,Alto,2,0.993164,0.986816,0.000488,0.006348,0.993164
1429776305175353,left,Médio,1,0.690918,0.385742,0.305176,0.690918,0.00396
1429776305175353,right,Alto,2,0.997559,0.995117,0.0,0.002441,0.997559
1429811505480081,left,Médio,1,0.986816,0.973747,0.0,0.986816,0.013069
1429811505480081,right,Médio,1,0.61377,0.238281,0.375488,0.61377,0.010567
1430215525474627,left,Médio,1,0.992676,0.986816,0.005859,0.992676,0.001629
1430215525474627,right,Médio,1,0.942871,0.886414,0.000488,0.942871,0.056458
1430729575153125,left,Baixo,0,0.578125,0.156494,0.578125,0.421631,0.000111
1430729575153125,right,Alto,2,0.805176,0.612793,0.002441,0.192383,0.805176
1431189232082409,left,Médio,1,0.501465,0.00293,0.498535,0.501465,7.7e-05
1431189232082409,right,Alto,2,0.996582,0.993164,0.0,0.003418,0.996582
1431513771969578,left,Baixo,0,0.987793,0.975655,0.987793,0.012138,0.000197
1431513771969578,right,Alto,2,0.959473,0.925293,0.006348,0.03418,0.959473
1432003498593717,left,Baixo,0,0.998535,0.997285,0.998535,0.00125,0.000132
1432003498593717,right,Médio,1,0.651855,0.307129,0.003418,0.651855,0.344727
1432055038516566,left,Médio,1,0.995117,0.99036,0.0,0.995117,0.004757
1432055038516566,right,Médio,1,0.913574,0.827148,0.086426,0.913574,0.000225
1432270611646599,left,Médio,1,0.994141,0.988564,0.000488,0.994141,0.005577
1432270611646599,right,Alto,2,0.791016,0.58252,0.000488,0.208496,0.791016
1432805138435137,left,Médio,1,0.983887,0.968048,0.000488,0.983887,0.015839
1432805138435137,right,Alto,2,0.968262,0.936523,0.0,0.031738,0.968262
1434210711554270,left,Médio,1,0.811035,0.623047,0.187988,0.811035,0.001174
1434210711554270,right,Alto,2,0.944824,0.889648,0.0,0.055176,0.944824
1434246441739643,left,Baixo,0,0.896484,0.793152,0.896484,0.103333,4.9e-05
1434246441739643,right,Médio,1,0.960938,0.926758,0.03418,0.960938,0.004757
1434368741676347,left,Médio,1,0.996582,0.994629,0.001953,0.996582,0.00149
1434368741676347,right,Médio,1,0.972168,0.951279,0.006836,0.972168,0.020889
1437655831422177,left,Baixo,0,0.638672,0.377686,0.638672,0.260986,0.100525
1437655831422177,right,Alto,2,0.521973,0.06543,0.021484,0.456543,0.521973
1438228581260042,left,Médio,1,0.834961,0.682617,0.012695,0.834961,0.152344
1438228581260042,right,Médio,1,0.894043,0.789062,0.10498,0.894043,0.000752
1439401977848123,left,Médio,1,0.99707,0.99453,0.000488,0.99707,0.002541
1439401977848123,right,Médio,1,0.576172,0.156006,0.003906,0.576172,0.420166
1439956020885155,left,Médio,1,0.992188,0.986816,0.005371,0.992188,0.002462
1439956020885155,right,Médio,1,0.685547,0.37085,0.0,0.685547,0.314697
1440498307767977,left,Médio,1,0.986816,0.97657,0.00293,0.986816,0.010246
1440498307767977,right,Médio,1,0.830078,0.660278,0.0,0.830078,0.1698
1441080180745382,left,Baixo,0,0.686523,0.373047,0.686523,0.0,0.313477
1441080180745382,right,Baixo,0,0.997559,0.995409,0.997559,0.00215,0.000103
1441166814093204,left,Baixo,0,0.977539,0.956253,0.977539,0.021286,0.001221
1441166814093204,right,Médio,1,0.527832,0.055664,0.472168,0.527832,8.4e-05
1441400130838192,left,Baixo,0,0.973633,0.947174,0.973633,0.026459,1e-06
1441400130838192,right,Baixo,0,0.79834,0.596924,0.79834,0.201416,0.000412
1441940564109771,left,Médio,1,0.990723,0.985703,0.004395,0.990723,0.00502
1441940564109771,right,Baixo,0,0.580566,0.163086,0.580566,0.41748,0.002028
1442749157440962,left,Médio,1,0.658691,0.318359,0.340332,0.658691,0.001216
1442749157440962,right,Baixo,0,0.955078,0.912292,0.955078,0.042786,0.001987
1443553177462318,left,Médio,1,0.699219,0.399414,0.000977,0.699219,0.299805
1443553177462318,right,Médio,1,0.991211,0.983276,0.000977,0.991211,0.007935
1443576800461055,left,Baixo,0,0.850586,0.702148,0.850586,0.148438,0.001179
1443576800461055,right,Baixo,0,0.537109,0.074219,0.537109,0.462891,0.000207
1443841024050028,left,Baixo,0,0.932129,0.864685,0.932129,0.067444,0.000249
1443841024050028,right,Baixo,0,0.985352,0.97094,0.985352,0.014412,3.6e-05
1444325917038683,left,Baixo,0,0.865234,0.730591,0.865234,0.134644,1.5e-05
1444325917038683,right,Médio,1,0.704102,0.408447,0.0,0.704102,0.295654
1444632063959341,left,Médio,1,0.911621,0.864899,0.041504,0.911621,0.046722
1444632063959341,right,Médio,1,0.96582,0.932129,0.033691,0.96582,0.000315
1446256667058441,left,Alto,2,0.859375,0.71875,0.0,0.140625,0.859375
1446256667058441,right,Alto,2,0.947754,0.895508,0.0,0.052246,0.947754
1446811443477003,left,Médio,1,0.929199,0.87735,0.019043,0.929199,0.051849
1446811443477003,right,Alto,2,0.996582,0.993164,0.0,0.003418,0.996582
1448996313230223,left,Médio,1,0.789551,0.580566,0.208984,0.789551,0.001438
1448996313230223,right,Baixo,0,0.999512,0.999162,0.999512,0.00035,0.000272
1449426230086006,left,Médio,1,0.865234,0.730347,0.0,0.865234,0.134888
1449426230086006,right,Médio,1,0.952637,0.907776,0.002441,0.952637,0.044861
1449881106649074,left,Baixo,0,0.819824,0.641357,0.819824,0.178467,0.001824
1449881106649074,right,Alto,2,0.88916,0.780273,0.001953,0.108887,0.88916
1452186849877913,left,Médio,1,0.903809,0.812012,0.091797,0.903809,0.004265
1452186849877913,right,Baixo,0,0.891113,0.782654,0.891113,0.108459,0.000289
1452525436256289,left,Médio,1,0.863281,0.727539,0.135742,0.863281,0.000922
1452525436256289,right,Médio,1,0.946777,0.903809,0.042969,0.946777,0.010246
1452629826227456,left,Baixo,0,0.914062,0.828308,0.914062,0.085754,9.2e-05
1452629826227456,right,Baixo,0,0.98291,0.966003,0.98291,0.016907,8.4e-05
1453453642892795,left,Médio,1,0.991699,0.985336,0.001953,0.991699,0.006363
1453453642892795,right,Alto,2,0.518066,0.036621,0.000488,0.481445,0.518066
1453667102983925,left,Baixo,0,0.833984,0.672363,0.833984,0.161621,0.00433
1453667102983925,right,Médio,1,0.662598,0.325195,0.337402,0.662598,0.000231
1454873092939045,left,Médio,1,0.658691,0.322754,0.335938,0.658691,0.00518
1454873092939045,right,Baixo,0,0.955566,0.925003,0.955566,0.01387,0.030563
1457403379074026,left,Médio,1,0.964844,0.946991,0.01709,0.964844,0.017853
1457403379074026,right,Alto,2,0.920898,0.843262,0.001465,0.077637,0.920898
1458289192559967,left,Baixo,0,0.650879,0.30249,0.650879,0.348389,0.000807
1458289192559967,right,Baixo,0,0.991211,0.982552,0.991211,0.008659,0.000218
1460767828898937,left,Baixo,0,0.996094,0.992474,0.996094,0.00362,0.000205
1460767828898937,right,Médio,1,0.812012,0.631348,0.180664,0.812012,0.007404
1462576041867992,left,Médio,1,0.839355,0.678711,0.0,0.839355,0.160645
1462576041867992,right,Alto,2,0.949707,0.899414,0.0,0.050293,0.949707
1465243378285238,left,Médio,1,0.939941,0.883484,0.003418,0.939941,0.056458
1465243378285238,right,Alto,2,0.64502,0.300293,0.010254,0.344727,0.64502
1467083818084679,left,Médio,1,0.991699,0.983383,0.0,0.991699,0.008316
1467083818084679,right,Médio,1,0.514648,0.032959,0.003906,0.514648,0.481689
1467231168354926,left,Baixo,0,0.632812,0.266113,0.632812,0.366699,0.000833
1467231168354926,right,Alto,2,0.71875,0.480957,0.043457,0.237793,0.71875
1468680584805951,left,Médio,1,0.56543,0.131104,0.0,0.56543,0.434326
1468680584805951,right,Médio,1,0.676758,0.353516,0.323242,0.676758,0.000137
1468723408106228,left,Médio,1,0.919434,0.844238,0.075195,0.919434,0.005322
1468723408106228,right,Médio,1,0.915039,0.852051,0.062988,0.915039,0.022156
1471053694695641,left,Baixo,0,0.943359,0.890594,0.943359,0.052765,0.003693
1471053694695641,right,Baixo,0,0.996582,0.993364,0.996582,0.003218,8e-05
1474815310916384,left,Médio,1,0.564453,0.140137,0.424316,0.564453,0.011032
1474815310916384,right,Médio,1,0.972656,0.945175,0.0,0.972656,0.027481
1477536787136663,left,Médio,1,0.663574,0.329102,0.001953,0.663574,0.334473
1477536787136663,right,Alto,2,0.961914,0.923828,0.0,0.038086,0.961914
1478220593660435,left,Baixo,0,0.92627,0.852722,0.92627,0.073547,2e-06
1478220593660435,right,Baixo,0,0.5625,0.127686,0.5625,0.434814,0.002714
1483411463123628,left,Alto,2,0.725586,0.45166,0.000488,0.273926,0.725586
1483411463123628,right,Baixo,0,0.948242,0.906921,0.948242,0.010345,0.041321
1489007149216527,left,Médio,1,0.942871,0.912598,0.030273,0.942871,0.027008
1489007149216527,right,Médio,1,0.880859,0.79248,0.088379,0.880859,0.030853
1511337029933985,left,Médio,1,0.990723,0.985683,0.004395,0.990723,0.005039
1511337029933985,right,Alto,2,0.916992,0.833984,0.0,0.083008,0.916992
1514978480060360,left,Médio,1,0.528809,0.057617,0.471191,0.528809,0.000112
1514978480060360,right,Médio,1,0.779297,0.558472,0.0,0.779297,0.220825
1517207450007268,left,Médio,1,0.770508,0.541504,0.229004,0.770508,0.000333
1517207450007268,right,Alto,2,0.928223,0.856934,0.000488,0.071289,0.928223
1518149772580112,left,Médio,1,0.987305,0.974632,0.0,0.987305,0.012672
1518149772580112,right,Alto,2,0.976074,0.952148,0.0,0.023926,0.976074
1519621529140451,left,Médio,1,0.987793,0.976936,0.001465,0.987793,0.010857
1519621529140451,right,Médio,1,0.893555,0.788574,0.10498,0.893555,0.001427
1519809179090919,left,Baixo,0,0.995605,0.992416,0.995605,0.003189,0.000993
1519809179090919,right,Baixo,0,0.893555,0.787415,0.893555,0.10614,0.000349
1521016945634983,left,Baixo,0,0.999512,0.999264,0.999512,0.000162,0.000247
1521016945634983,right,Médio,1,0.868164,0.738037,0.001465,0.868164,0.130127
1525045455241757,left,Médio,1,0.90918,0.818115,0.0,0.90918,0.091064
1525045455241757,right,Alto,2,0.850586,0.701172,0.0,0.149414,0.850586
1526471898652066,left,Baixo,0,0.979004,0.958328,0.979004,0.020676,0.000117
1526471898652066,right,Alto,2,0.943359,0.887207,0.000488,0.056152,0.943359
1526803188616505,left,Baixo,0,0.971191,0.942703,0.971191,0.028488,0.000169
1526803188616505,right,Médio,1,0.875488,0.751404,0.000488,0.875488,0.124084
1527892681644130,left,Baixo,0,0.90625,0.817749,0.90625,0.088501,0.00502
1527892681644130,right,Médio,1,0.89502,0.790894,0.000977,0.89502,0.104126
1529231818307474,left,Baixo,0,0.541016,0.08374,0.541016,0.457275,0.00201
1529231818307474,right,Alto,2,0.950684,0.901367,0.0,0.049316,0.950684
1533673984552918,left,Médio,1,0.989746,0.981934,0.007812,0.989746,0.002522
1533673984552918,right,Alto,2,0.700195,0.400391,0.0,0.299805,0.700195
1535300187761076,left,Médio,1,0.924805,0.856445,0.068359,0.924805,0.007011
1535300187761076,right,Baixo,0,0.992188,0.984737,0.992188,0.00745,0.000127
1543789667173795,left,Médio,1,0.763184,0.526855,0.236328,0.763184,0.000617
1543789667173795,right,Médio,1,0.692871,0.388672,0.304199,0.692871,0.002747
1544859520127215,left,Médio,1,0.976562,0.953125,0.023438,0.976562,0.000107
1544859520127215,right,Médio,1,0.543945,0.087891,0.456055,0.543945,7.4e-05
1546181033269248,left,Baixo,0,0.875,0.75,0.875,0.125,0.00024
1546181033269248,right,Alto,2,0.997559,0.995117,0.0,0.002441,0.997559
1546694326598000,left,Baixo,0,0.960449,0.921844,0.960449,0.038605,0.000958
1546694326598000,right,Médio,1,0.662109,0.324219,0.337891,0.662109,1.2e-05
1546977053206447,left,Baixo,0,0.878418,0.756958,0.878418,0.12146,2.8e-05
1546977053206447,right,Alto,2,0.730469,0.460938,0.0,0.269531,0.730469
1547606559675735,right,Médio,1,0.762695,0.542725,0.017578,0.762695,0.219971
1548551419706468,left,Médio,1,0.918945,0.849548,0.011719,0.918945,0.069397
1548551419706468,right,Baixo,0,0.625488,0.250732,0.625488,0.374756,0.00016
1549699393131335,left,Baixo,0,0.501953,0.005371,0.501953,0.496582,0.001597
1549699393131335,right,Médio,1,0.78125,0.562744,0.0,0.78125,0.218506
1550023746254829,left,Médio,1,0.678223,0.357422,0.320801,0.678223,0.001169
1550023746254829,right,Baixo,0,0.942383,0.888977,0.942383,0.053406,0.004314
1550696709556075,left,Médio,1,0.617188,0.234131,0.0,0.617188,0.383057
1550696709556075,right,Alto,2,0.945312,0.890625,0.0,0.054688,0.945312
1551208266171627,left,Médio,1,0.993652,0.987762,0.000488,0.993652,0.00589
1551208266171627,right,Médio,1,0.503906,0.009521,0.001465,0.503906,0.494385
1552196872671944,left,Médio,1,0.996094,0.992239,0.0,0.996094,0.003855
1552196872671944,right,Alto,2,0.692383,0.384766,0.0,0.307617,0.692383
1555957708945503,left,Baixo,0,0.671387,0.343018,0.671387,0.328369,0.000151
1555957708945503,right,Médio,1,0.556641,0.115479,0.002441,0.556641,0.441162
1556184332193330,left,Médio,1,0.65918,0.318848,0.340332,0.65918,0.00032
1556184332193330,right,Baixo,0,0.827148,0.654541,0.827148,0.0,0.172607
1557525662221143,left,Baixo,0,0.987305,0.974617,0.987305,0.012688,0.000236
1557525662221143,right,Baixo,0,0.991211,0.98291,0.991211,0.0,0.008301
1557968735412131,left,Médio,1,0.986328,0.978142,0.005371,0.986328,0.008186
1557968735412131,right,Alto,2,0.620117,0.240234,0.0,0.379883,0.620117
1558276975385313,left,Baixo,0,0.90918,0.81842,0.90918,0.090759,9.8e-05
1558276975385313,right,Alto,2,0.665527,0.388184,0.057129,0.277344,0.665527
1560947088450770,left,Médio,1,0.984375,0.971947,0.003418,0.984375,0.012428
1560947088450770,right,Alto,2,0.640625,0.28125,0.0,0.359375,0.640625
1561130898367339,left,Baixo,0,0.825684,0.651245,0.825684,0.174438,4.9e-05
1561130898367339,right,Médio,1,0.982422,0.972656,0.009766,0.982422,0.007668
1562220055027961,left,Baixo,0,0.998047,0.996208,0.998047,0.001839,0.000181
1562220055027961,right,Baixo,0,0.802246,0.62561,0.802246,0.176636,0.021088
1562339831724026,left,Baixo,0,0.91748,0.835083,0.91748,0.082397,1.3e-05
1562504245005113,left,Baixo,0,0.952148,0.905609,0.952148,0.046539,0.001501
1562504245005113,right,Médio,1,0.574707,0.150879,0.423828,0.574707,0.001305
1563941331477598,left,Médio,1,0.856934,0.713867,0.143066,0.856934,0.000163
1563941331477598,right,Alto,2,0.998047,0.996094,0.0,0.001953,0.998047
1564809938000391,left,Médio,1,0.935059,0.870056,0.0,0.935059,0.065002
1564809938000391,right,Médio,1,0.939941,0.89035,0.010254,0.939941,0.049591
1565818004648048,left,Médio,1,0.963379,0.926605,0.0,0.963379,0.036774
1565818004648048,right,Médio,1,0.743652,0.492188,0.251465,0.743652,0.0051
1566639401221527,left,Médio,1,0.862793,0.726929,0.001465,0.862793,0.135864
1566639401221527,right,Médio,1,0.970703,0.950104,0.008789,0.970703,0.020599
1568625667804476,left,Alto,2,0.90332,0.808105,0.001465,0.095215,0.90332
1568625667804476,right,Médio,1,0.821289,0.728577,0.085938,0.821289,0.092712
1569769477573419,left,Baixo,0,0.635254,0.270508,0.635254,0.364746,0.000486
1569769477573419,right,Baixo,0,0.995605,0.990997,0.995605,0.004608,1.8e-05
1571555863893344,left,Baixo,0,0.601562,0.203613,0.601562,0.397949,0.000318
1571555863893344,right,Médio,1,0.98584,0.978027,0.007812,0.98584,0.006123
1571669537491587,left,Médio,1,0.529785,0.060059,0.469727,0.529785,0.000245
1571669537491587,right,Médio,1,0.963867,0.933945,0.006348,0.963867,0.029922
1572703700733956,left,Alto,2,0.84082,0.681641,0.0,0.15918,0.84082
1572703700733956,right,Alto,2,0.890625,0.782227,0.000977,0.108398,0.890625
1573525767131239,left,Baixo,0,0.797363,0.613403,0.797363,0.18396,0.018829
1573525767131239,right,Alto,2,0.956543,0.913574,0.000488,0.042969,0.956543
1573576527185871,left,Médio,1,0.571777,0.143555,0.428223,0.571777,0.000128
1573576527185871,right,Médio,1,0.98291,0.968262,0.014648,0.98291,0.002424
1577169490070033,left,Médio,1,0.781738,0.56543,0.216309,0.781738,0.002174
1577169490070033,right,Baixo,0,0.684082,0.368652,0.684082,0.31543,0.000509
1577202163315799,left,Alto,2,0.867676,0.735352,0.0,0.132324,0.867676
1577202163315799,right,Alto,2,0.95459,0.90918,0.0,0.04541,0.95459
1577518023503981,left,Alto,2,0.925781,0.857422,0.005859,0.068359,0.925781
1577518023503981,right,Alto,2,0.999023,0.998047,0.0,0.000977,0.999023
1577645821029069,left,Médio,1,0.763184,0.578125,0.185059,0.763184,0.051758
1577645821029069,right,Alto,2,0.589355,0.212891,0.03418,0.376465,0.589355
1577896923421802,left,Médio,1,0.738281,0.477051,0.26123,0.738281,0.000371
1577896923421802,right,Alto,2,0.568848,0.15332,0.015625,0.415527,0.568848
1579781626390129,left,Médio,1,0.947266,0.915405,0.020996,0.947266,0.03186
1579781626390129,right,Alto,2,0.87207,0.746094,0.001953,0.125977,0.87207
1579850656462377,left,Baixo,0,0.901367,0.804871,0.901367,0.096497,0.0021
1580175206523903,left,Baixo,0,0.802734,0.608521,0.802734,0.194214,0.003124
1580175206523903,right,Baixo,0,0.996094,0.993834,0.996094,0.00181,0.00226
1582016882923212,left,Médio,1,0.984863,0.970703,0.01416,0.984863,0.001129
1582016882923212,right,Médio,1,0.636719,0.276855,0.003418,0.636719,0.359863
1582019842829772,left,Médio,1,0.987305,0.974609,0.012695,0.987305,0.000193
1582019842829772,right,Médio,1,0.927734,0.87793,0.049805,0.927734,0.022324
1582800312766508,left,Baixo,0,0.937988,0.876251,0.937988,0.061737,0.000379
1582800312766508,right,Alto,2,0.999512,0.999023,0.0,0.000488,0.999512
1582947762946208,left,Médio,1,0.984863,0.972656,0.012207,0.984863,0.0028
1584531305999586,left,Baixo,0,0.849609,0.702271,0.849609,0.147339,0.002901
1584531305999586,right,Médio,1,0.89502,0.790527,0.104492,0.89502,0.00073
1587696705830984,left,Médio,1,0.993164,0.986752,0.000488,0.993164,0.006413
1587696705830984,right,Médio,1,0.763184,0.526367,0.0,0.763184,0.236816
1587756072371743,left,Baixo,0,0.710938,0.422119,0.710938,0.288818,0.00015
1587756072371743,right,Médio,1,0.95752,0.931152,0.026367,0.95752,0.0159
1589020262139077,left,Baixo,0,0.927246,0.85437,0.927246,0.072876,2e-06
1589020262139077,right,Médio,1,0.970703,0.95166,0.019043,0.970703,0.010094
1590899155384424,left,Baixo,0,0.993652,0.98801,0.993652,0.005642,0.000846
1590899155384424,right,Baixo,0,0.876465,0.7995,0.876465,0.076965,0.046631
1590963402093226,left,Alto,2,0.533203,0.067383,0.000977,0.46582,0.533203
1590963402093226,right,Médio,1,0.62793,0.276367,0.020508,0.62793,0.351562
1592541925416792,left,Médio,1,0.82959,0.663086,0.003906,0.82959,0.166504
1592541925416792,right,Médio,1,0.884766,0.771973,0.112793,0.884766,0.002434
1592764628425095,left,Médio,1,0.941406,0.882629,0.0,0.941406,0.058777
1592764628425095,right,Alto,2,0.98584,0.97168,0.0,0.01416,0.98584
1593099135333716,left,Baixo,0,0.916016,0.832153,0.916016,0.083862,1e-05
1593099135333716,right,Médio,1,0.626465,0.265625,0.36084,0.626465,0.012924
1593137748519429,left,Médio,1,0.989258,0.981354,0.00293,0.989258,0.007904
1593137748519429,right,Baixo,0,0.923828,0.847839,0.923828,0.075989,6e-06
1595435771646904,left,Médio,1,0.960938,0.941376,0.019531,0.960938,0.019562
1595435771646904,right,Alto,2,0.999512,0.999023,0.000488,0.0,0.999512
1596656584664635,left,Baixo,0,0.582031,0.164307,0.582031,0.417725,0.000142
1596656584664635,right,Médio,1,0.945801,0.891602,0.054199,0.945801,0.000155
1597239811311138,left,Baixo,0,0.980957,0.962189,0.980957,0.018768,0.000132
1597239811311138,right,Médio,1,0.995605,0.991699,0.003906,0.995605,0.000247
1597429391592837,left,Médio,1,0.758301,0.51709,0.241211,0.758301,0.000448
1597429391592837,right,Alto,2,0.581543,0.163086,0.0,0.418457,0.581543
1599203317937717,left,Alto,2,0.958984,0.917969,0.0,0.041016,0.958984
1599203317937717,right,Baixo,0,0.944824,0.889954,0.944824,0.054871,0.00058
1600422020983434,left,Médio,1,0.978516,0.958954,0.001953,0.978516,0.019562
1600422020983434,right,Alto,2,0.955078,0.910156,0.0,0.044922,0.955078
1601955114142926,left,Médio,1,0.952637,0.922852,0.029785,0.952637,0.01738
1601955114142926,right,Alto,2,0.975586,0.95166,0.000488,0.023926,0.975586
1602176324118506,left,Médio,1,0.967773,0.94043,0.027344,0.967773,0.005081
1602176324118506,right,Médio,1,0.961914,0.924866,0.000977,0.961914,0.037048
1603633967304885,left,Médio,1,0.866211,0.764954,0.032715,0.866211,0.101257
1603633967304885,right,Alto,2,0.999023,0.998048,0.000976,0.0,0.999023
1604425904063676,left,Médio,1,0.575684,0.152832,0.422852,0.575684,0.001629
1604425904063676,right,Alto,2,0.992676,0.986328,0.000977,0.006348,0.992676
1605370290597934,left,Médio,1,0.99707,0.994629,0.002441,0.99707,0.000431
1605370290597934,right,Médio,1,0.827148,0.69873,0.044434,0.827148,0.128418
1606727794107948,left,Médio,1,0.993652,0.988281,0.005371,0.993652,0.000798
1606727794107948,right,Baixo,0,0.96875,0.938004,0.96875,0.030746,0.00028
1608063127050870,left,Médio,1,0.508789,0.017334,0.0,0.508789,0.491455
1608063127050870,right,Alto,2,0.930664,0.862305,0.000977,0.068359,0.930664
1608074543681926,left,Médio,1,0.904785,0.811523,0.093262,0.904785,0.002182
1608074543681926,right,Médio,1,0.946289,0.916916,0.024414,0.946289,0.029373
1610689056606457,left,Baixo,0,0.665527,0.39624,0.665527,0.269287,0.065247
1610689056606457,right,Baixo,0,0.995605,0.991673,0.995605,0.003933,0.000486
1610698886881147,left,Médio,1,0.850098,0.704102,0.003906,0.850098,0.145996
1610698886881147,right,Alto,2,0.512695,0.026855,0.001465,0.48584,0.512695
1610821290273005,left,Médio,1,0.669922,0.401855,0.062012,0.669922,0.268066
1610821290273005,right,Médio,1,0.981445,0.963379,0.018066,0.981445,0.000462
1611088959890615,left,Médio,1,0.98584,0.971992,0.000488,0.98584,0.013847
1611088959890615,right,Médio,1,0.972168,0.944824,0.027344,0.972168,0.000667
1613444946479620,left,Médio,1,0.944824,0.891113,0.053711,0.944824,0.00123
1613444946479620,right,Médio,1,0.742676,0.486328,0.256348,0.742676,0.000798
1613520926672884,left,Médio,1,0.998535,0.997652,0.000488,0.998535,0.000883
1613768653206687,left,Médio,1,0.842285,0.686523,0.155762,0.842285,0.00209
1613768653206687,right,Alto,2,0.996582,0.993164,0.0,0.003418,0.996582
1614119493347264,left,Médio,1,0.903809,0.808105,0.095703,0.903809,0.000308
1614119493347264,right,Baixo,0,0.970703,0.941513,0.970703,0.02919,9e-06
1615355799603596,left,Médio,1,0.65625,0.318848,0.337402,0.65625,0.006218
1615355799603596,right,Baixo,0,0.97998,0.961914,0.97998,0.018066,0.002035
1616063006058917,left,Baixo,0,0.849121,0.699829,0.849121,0.149292,0.001536
1616063006058917,right,Médio,1,0.916016,0.841309,0.074707,0.916016,0.009521
1616632842845465,left,Médio,1,0.971191,0.943283,0.000977,0.971191,0.027908
1616632842845465,right,Alto,2,0.997559,0.995117,0.0,0.002441,0.997559
1617312262605871,left,Médio,1,0.598145,0.196289,0.401855,0.598145,5e-06
1617312262605871,right,Baixo,0,0.96582,0.931458,0.96582,0.034363,2e-06
1617602569234935,left,Médio,1,0.980469,0.964127,0.003418,0.980469,0.016342
1617602569234935,right,Alto,2,0.804688,0.609863,0.000488,0.194824,0.804688
1618599072886412,left,Médio,1,0.952148,0.904266,0.0,0.952148,0.047882
1618599072886412,right,Alto,2,0.6875,0.375488,0.000488,0.312012,0.6875
1621333675549906,left,Baixo,0,0.695312,0.428223,0.695312,0.26709,0.037537
1621333675549906,right,Alto,2,0.89502,0.790039,0.0,0.10498,0.89502
1625328671969650,left,Baixo,0,0.963867,0.927704,0.963867,0.036163,6.3e-05
1625328671969650,right,Baixo,0,0.918457,0.837158,0.918457,0.0,0.081299
1626017808557040,left,Baixo,0,0.827148,0.702637,0.827148,0.124512,0.048309
1626017808557040,right,Médio,1,0.55957,0.119629,0.000488,0.55957,0.439941
1628693805228969,left,Médio,1,0.899902,0.800293,0.099609,0.899902,0.000301
1628693805228969,right,Médio,1,0.868164,0.738403,0.001953,0.868164,0.129761
1631880181558291,left,Médio,1,0.537109,0.074219,0.462891,0.537109,4.1e-05
1631880181558291,right,Médio,1,0.993652,0.987793,0.005859,0.993652,0.000546
1635245104158636,left,Médio,1,0.793945,0.589355,0.20459,0.793945,0.001438
1635245104158636,right,Médio,1,0.638672,0.279785,0.358887,0.638672,0.002287
1635506594251650,left,Médio,1,0.972168,0.946259,0.001953,0.972168,0.025909
1635506594251650,right,Baixo,0,0.55957,0.12793,0.55957,0.431641,0.008743
1635523974471435,left,Médio,1,0.938477,0.898621,0.021484,0.938477,0.039856
1635523974471435,right,Baixo,0,0.904297,0.817261,0.904297,0.087036,0.008644
1636425667429865,left,Baixo,0,0.682129,0.364746,0.682129,0.317383,0.000901
1636425667429865,right,Baixo,0,0.962891,0.926483,0.962891,0.036407,0.000593
1636722747765532,left,Médio,1,0.507812,0.01709,0.490723,0.507812,0.001484
1636722747765532,right,Baixo,0,0.694336,0.388916,0.694336,0.30542,0.000405
1637129570788575,left,Médio,1,0.967285,0.946289,0.020996,0.967285,0.011505
1637129570788575,right,Alto,2,0.999512,0.999023,0.0,0.000488,0.999512
1638011414028646,left,Médio,1,0.731445,0.464111,0.001465,0.731445,0.267334
1638011414028646,right,Baixo,0,0.768066,0.537109,0.768066,0.230957,0.000897
1639681757263146,left,Médio,1,0.961426,0.92627,0.003418,0.961426,0.035156
1639681757263146,right,Médio,1,0.890137,0.782898,0.002441,0.890137,0.107239
1640113637346802,left,Médio,1,0.973633,0.947281,0.0,0.973633,0.026352
1640113637346802,right,Médio,1,0.966797,0.94014,0.006348,0.966797,0.026657
1641556936832445,left,Baixo,0,0.807617,0.615601,0.807617,0.192017,0.000149
1641556936832445,right,Médio,1,0.750977,0.501953,0.249023,0.750977,5e-06
1642657667086481,left,Baixo,0,0.966797,0.933746,0.966797,0.033051,8.2e-05
1642657667086481,right,Baixo,0,0.511719,0.023438,0.511719,0.488281,3.6e-05
1643741100126387,left,Alto,2,0.80127,0.604004,0.001465,0.197266,0.80127
1643741100126387,right,Médio,1,0.941406,0.890808,0.007812,0.941406,0.050598
1645756486388886,left,Médio,1,0.998535,0.997458,0.000488,0.998535,0.001078
1645756486388886,right,Alto,2,0.509766,0.021484,0.001953,0.488281,0.509766
1646184989877365,left,Baixo,0,0.704102,0.408203,0.704102,0.295898,6.2e-05
1646184989877365,right,Alto,2,0.999023,0.998047,0.000977,0.0,0.999023
1647922332757769,left,Médio,1,0.96582,0.932129,0.033691,0.96582,0.000345
1647922332757769,right,Alto,2,0.981934,0.964355,0.000488,0.017578,0.981934
1648747619871631,left,Baixo,0,0.937012,0.874268,0.937012,0.062744,4.5e-05
1648747619871631,right,Baixo,0,0.97998,0.959915,0.97998,0.020065,7.4e-05
1649544926408203,left,Médio,1,0.719238,0.438477,0.280762,0.719238,0.000225
1649544926408203,right,Alto,2,0.643066,0.293457,0.007324,0.349609,0.643066
1650321822832979,left,Baixo,0,0.999023,0.99792,0.999023,0.001103,9e-06
1650321822832979,right,Médio,1,0.651855,0.303711,0.0,0.651855,0.348145
1650955296279824,left,Médio,1,0.744629,0.504395,0.240234,0.744629,0.015366
1650955296279824,right,Médio,1,0.900879,0.822266,0.078613,0.900879,0.020416
1651705299551964,left,Médio,1,0.860352,0.752563,0.031738,0.860352,0.107788
1651705299551964,right,Médio,1,0.775879,0.620972,0.069336,0.775879,0.154907
1651913065969643,left,Baixo,0,0.883301,0.785889,0.883301,0.097412,0.019379
1651913065969643,right,Alto,2,0.687012,0.376465,0.002441,0.310547,0.687012
1657920791855210,left,Médio,1,0.891602,0.830078,0.061523,0.891602,0.047089
1657920791855210,right,Alto,2,1.0,1.0,0.0,0.0,1.0
1658146585556879,left,Médio,1,0.817383,0.634644,0.0,0.817383,0.182739
1658146585556879,right,Baixo,0,0.772461,0.545166,0.772461,0.227295,0.000166
1660673718639697,left,Médio,1,0.905273,0.810425,0.0,0.905273,0.094849
1660673718639697,right,Alto,2,0.949219,0.915527,0.01709,0.033691,0.949219
1666897697624509,left,Médio,1,0.978516,0.958344,0.001465,0.978516,0.020172
1666897697624509,right,Médio,1,0.666992,0.335449,0.001465,0.666992,0.331543
1667764437935868,left,Médio,1,0.91748,0.858398,0.059082,0.91748,0.023514
1667764437935868,right,Médio,1,0.494385,0.002686,0.491699,0.494385,0.014008
1676223733349116,left,Médio,1,0.991699,0.983887,0.007812,0.991699,0.00054
1676223733349116,right,Alto,2,0.995117,0.990234,0.0,0.004883,0.995117
1676226023340527,left,Médio,1,0.974121,0.949707,0.024414,0.974121,0.001501
1676226023340527,right,Médio,1,0.500488,0.003906,0.00293,0.500488,0.496582
1678544636442717,left,Baixo,0,0.73584,0.472656,0.73584,0.263184,0.001462
1678544636442717,right,Médio,1,0.83252,0.665039,0.0,0.83252,0.16748
1685811039458328,left,Médio,1,0.808105,0.624023,0.184082,0.808105,0.008034
1685811039458328,right,Médio,1,0.61084,0.233887,0.376953,0.61084,0.012337
1686314339418465,left,Médio,1,0.860352,0.721436,0.000488,0.860352,0.138916
1686314339418465,right,Médio,1,0.973633,0.952271,0.004883,0.973633,0.021362
1693191338721500,left,Médio,1,0.76709,0.541992,0.225098,0.76709,0.007843
1693191338721500,right,Baixo,0,0.962402,0.924713,0.962402,0.037689,1.2e-05
1695771854723523,left,Baixo,0,0.776855,0.553711,0.776855,0.223145,6.6e-05
1695771854723523,right,Baixo,0,0.991211,0.985435,0.991211,0.005775,0.003004
1698924114821630,left,Baixo,0,0.983887,0.967575,0.983887,0.016312,3e-05
1698924114821630,right,Alto,2,0.801758,0.604492,0.000977,0.197266,0.801758
1725567155073019,left,Baixo,0,0.937012,0.874207,0.937012,0.062805,0.000274
1725567155073019,right,Baixo,0,0.993652,0.987595,0.993652,0.006058,0.000161
1731501811189990,left,Médio,1,0.588379,0.18457,0.403809,0.588379,0.007843
1731501811189990,right,Alto,2,0.981934,0.963867,0.0,0.018066,0.981934
1755868535369490,left,Médio,1,0.726562,0.457031,0.269531,0.726562,0.003796
1755868535369490,right,Alto,2,0.772461,0.546875,0.001953,0.225586,0.772461
1761010871952611,left,Médio,1,0.827148,0.654297,0.172852,0.827148,2.8e-05
1761010871952611,right,Médio,1,0.504883,0.011475,0.001953,0.504883,0.493408
1766172637382271,left,Médio,1,0.60498,0.215332,0.389648,0.60498,0.005322
1766172637382271,right,Médio,1,0.895508,0.805908,0.015137,0.895508,0.0896
1782238985756446,left,Baixo,0,0.96875,0.937317,0.96875,0.031433,0.0
1782238985756446,right,Médio,1,0.944336,0.911194,0.022461,0.944336,0.033142
1784936209098750,left,Baixo,0,0.949219,0.898254,0.949219,0.050964,3.4e-05
1784936209098750,right,Baixo,0,0.761719,0.527588,0.761719,0.234131,0.004215
1786729379381722,left,Médio,1,0.937988,0.876007,0.0,0.937988,0.061981
1786729379381722,right,Alto,2,0.708008,0.416992,0.000977,0.291016,0.708008
1797487664202105,left,Médio,1,0.696777,0.42041,0.276367,0.696777,0.027069
1797487664202105,right,Alto,2,0.987793,0.975586,0.0,0.012207,0.987793
1797921594930035,left,Médio,1,0.916016,0.835205,0.00293,0.916016,0.080811
1797921594930035,right,Médio,1,0.983887,0.968262,0.015625,0.983887,0.0004
1800079614013080,left,Médio,1,0.837891,0.675659,0.0,0.837891,0.162231
1800079614013080,right,Alto,2,0.995117,0.990234,0.0,0.004883,0.995117
1806307833369347,left,Médio,1,0.993652,0.990301,0.00293,0.993652,0.003351
1806307833369347,right,Alto,2,0.573242,0.148926,0.002441,0.424316,0.573242
1807457373242653,left,Médio,1,0.725586,0.45166,0.000488,0.725586,0.273926
1807457373242653,right,Alto,2,0.934082,0.868164,0.0,0.065918,0.934082
1808805453316982,left,Médio,1,0.657715,0.319336,0.338379,0.657715,0.004135
1808805453316982,right,Médio,1,0.539062,0.093506,0.015137,0.539062,0.445557
1810274443007256,left,Médio,1,0.688965,0.391602,0.297363,0.688965,0.013847
1810274443007256,right,Médio,1,0.540527,0.09668,0.443848,0.540527,0.015427
1810402249553195,left,Médio,1,0.996582,0.994764,0.001465,0.996582,0.001818
1810402249553195,right,Médio,1,0.759277,0.520996,0.238281,0.759277,0.002279
1810785842958155,left,Médio,1,0.874023,0.748535,0.125488,0.874023,0.000501
1810785842958155,right,Alto,2,0.985352,0.970703,0.0,0.014648,0.985352
1811698926196211,left,Médio,1,0.951172,0.903564,0.000977,0.951172,0.047607
1811698926196211,right,Baixo,0,0.996582,0.99338,0.996582,0.003202,8e-06
1818489322162530,left,Médio,1,0.98584,0.975098,0.010742,0.98584,0.003338
1818489322162530,right,Alto,2,0.992676,0.98584,0.000488,0.006836,0.992676
1827476221306585,left,Baixo,0,0.986816,0.973961,0.986816,0.012856,0.000118
1827476221306585,right,Médio,1,0.984863,0.974167,0.004395,0.984863,0.010696
1831934917489356,left,Médio,1,0.970215,0.948273,0.007812,0.970215,0.021942
1831934917489356,right,Baixo,0,0.660156,0.321533,0.660156,0.338623,0.001073
1832108297509989,left,Médio,1,0.775391,0.552734,0.222656,0.775391,0.001942
1832108297509989,right,Médio,1,0.317383,0.125977,0.239258,0.317383,0.443359
1832589914100867,left,Médio,1,0.944824,0.897461,0.047363,0.944824,0.008034
1832589914100867,right,Médio,1,0.849121,0.698242,0.150879,0.849121,6e-05
1834438537201883,left,Baixo,0,0.585938,0.171875,0.585938,0.414062,2.6e-05
1834438537201883,right,Alto,2,0.994629,0.989258,0.0,0.005371,0.994629
1834678603850788,left,Médio,1,0.851074,0.773926,0.077148,0.851074,0.071716
1834678603850788,right,Médio,1,0.970703,0.943268,0.001953,0.970703,0.027435
1839932979987675,left,Baixo,0,0.910645,0.856781,0.910645,0.053864,0.035614
1839932979987675,right,Baixo,0,0.902344,0.804932,0.902344,0.097412,0.000303
1853898975370377,left,Médio,1,0.954102,0.923477,0.015137,0.954102,0.030624
1853898975370377,right,Médio,1,0.703613,0.408691,0.294922,0.703613,0.001378
1859580131760443,left,Alto,2,0.878906,0.757812,0.0,0.121094,0.878906
1859580131760443,right,Alto,2,0.882324,0.765625,0.000977,0.116699,0.882324
1859847205405859,left,Médio,1,0.844238,0.688599,0.0,0.844238,0.15564
1859847205405859,right,Médio,1,0.894043,0.788086,0.0,0.894043,0.105957
1876460913075126,left,Médio,1,0.98877,0.981453,0.003906,0.98877,0.007317
1876460913075126,right,Médio,1,0.949219,0.900635,0.001953,0.949219,0.048584
1881644812456045,left,Baixo,0,0.647461,0.295166,0.647461,0.352295,0.000261
1881644812456045,right,Médio,1,0.901367,0.80835,0.005859,0.901367,0.093018
1883750918929548,left,Médio,1,0.572266,0.14502,0.427246,0.572266,0.00071
1883750918929548,right,Baixo,0,0.875488,0.752502,0.875488,0.122986,0.001675
1884843112397971,left,Alto,2,0.79541,0.59082,0.0,0.20459,0.79541
1884843112397971,right,Alto,2,0.52832,0.119141,0.0625,0.40918,0.52832
1887017032182591,left,Médio,1,0.979004,0.958588,0.000488,0.979004,0.020416
1887017032182591,right,Alto,2,1.0,1.0,0.0,0.0,1.0
1890672485172485,left,Médio,1,0.984375,0.969185,0.000488,0.984375,0.01519
1890672485172485,right,Alto,2,0.998047,0.996094,0.0,0.001953,0.998047
1896891780923600,left,Médio,1,0.982422,0.967293,0.002441,0.982422,0.015129
1896891780923600,right,Alto,2,0.999512,0.999023,0.0,0.000488,0.999512
1898993640724714,left,Médio,1,0.905273,0.810547,0.094727,0.905273,7.2e-05
1898993640724714,right,Alto,2,0.996094,0.992188,0.0,0.003906,0.996094
1899024244043364,left,Baixo,0,0.992188,0.985165,0.992188,0.007023,0.000849
1899024244043364,right,Médio,1,0.958496,0.930664,0.027832,0.958496,0.013481
1902142757096031,left,Baixo,0,0.998047,0.996549,0.998047,0.0,0.001498
1902142757096031,right,Baixo,0,0.623047,0.249512,0.623047,0.373535,0.003197
1902185904002423,left,Médio,1,0.661621,0.334961,0.32666,0.661621,0.011597
1902185904002423,right,Médio,1,0.556641,0.128906,0.015625,0.556641,0.427734
1904661943475224,left,Baixo,0,0.993164,0.986103,0.993164,0.007061,2e-06
1904661943475224,right,Médio,1,0.883789,0.784668,0.099121,0.883789,0.017181
1908289546746862,left,Médio,1,0.931641,0.865784,0.002441,0.931641,0.065857
1908289546746862,right,Alto,2,0.968262,0.9375,0.000977,0.030762,0.968262
1908616716442682,left,Médio,1,0.966797,0.933777,0.0,0.966797,0.03302
1908616716442682,right,Médio,1,0.700684,0.406738,0.005371,0.700684,0.293945
1908871886690758,left,Baixo,0,0.962402,0.924896,0.962402,0.037506,0.000191
1908871886690758,right,Baixo,0,0.964844,0.929535,0.964844,0.035309,9.5e-05
1910313799557058,left,Médio,1,0.959961,0.921387,0.038574,0.959961,0.001536
1910313799557058,right,Alto,2,0.999023,0.998047,0.0,0.000977,0.999023
1912772769325638,left,Médio,1,0.973145,0.957031,0.016113,0.973145,0.01078
1912772769325638,right,Baixo,0,0.707031,0.414307,0.707031,0.292725,0.000406
1914926772479146,left,Médio,1,0.560059,0.120117,0.439941,0.560059,2.5e-05
1914926772479146,right,Médio,1,0.759277,0.524902,0.006348,0.759277,0.234375
1915567699073539,left,Baixo,0,0.986816,0.974266,0.986816,0.01255,0.000515
1915567699073539,right,Médio,1,0.870117,0.786682,0.046387,0.870117,0.083435
1926213408008892,left,Médio,1,0.667969,0.346191,0.321777,0.667969,0.010208
1926213408008892,right,Médio,1,0.620605,0.255859,0.364746,0.620605,0.014839
1928935421051970,left,Médio,1,0.998535,0.997023,0.0,0.998535,0.001513
1928935421051970,right,Alto,2,0.749023,0.499512,0.001465,0.249512,0.749023
1936076087022472,left,Baixo,0,0.957031,0.914276,0.957031,0.042755,0.000208
1936076087022472,right,Baixo,0,0.963867,0.92865,0.963867,0.001129,0.035217
1937949230092942,left,Médio,1,0.548828,0.097656,0.451172,0.548828,0.000121
1937949230092942,right,Médio,1,0.990723,0.983398,0.007324,0.990723,0.002035
1938649413531312,left,Baixo,0,0.912109,0.826172,0.912109,0.085938,0.00209
1938649413531312,right,Baixo,0,0.788086,0.576172,0.788086,0.211914,0.000138
1941565350569793,left,Médio,1,0.964355,0.939835,0.01123,0.964355,0.024521
1941565350569793,right,Alto,2,0.853516,0.70752,0.000488,0.145996,0.853516
1942497883317662,left,Baixo,0,0.998047,0.996853,0.998047,0.001194,0.000732
1942497883317662,right,Médio,1,0.068359,0.064453,0.433594,0.068359,0.498047
1949343302606047,left,Baixo,0,0.987793,0.975609,0.987793,0.012184,0.000109
1949343302606047,right,Médio,1,0.980957,0.966797,0.01416,0.980957,0.0051
1951963395392979,left,Médio,1,0.591797,0.355957,0.172363,0.591797,0.23584
1951963395392979,right,Médio,1,0.836426,0.672729,0.0,0.836426,0.163696
1952159489012743,left,Médio,1,0.975586,0.95752,0.018066,0.975586,0.006512
1952159489012743,right,Alto,2,0.951172,0.902832,0.000488,0.04834,0.951172
1952451491973727,left,Baixo,0,0.883301,0.768372,0.883301,0.114929,0.001623
1952451491973727,right,Alto,2,0.907227,0.814453,0.0,0.092773,0.907227
1954063728827924,right,Médio,1,0.745605,0.491211,0.254395,0.745605,3.5e-05
1954142045139093,left,Médio,1,0.994141,0.98877,0.005371,0.994141,0.000426
1954142045139093,right,Médio,1,0.840332,0.688599,0.007812,0.840332,0.151733
1954262565521919,left,Alto,2,0.519531,0.040527,0.001465,0.479004,0.519531
1954262565521919,right,Alto,2,0.783691,0.567871,0.000488,0.21582,0.783691
1956282825268908,left,Médio,1,0.998047,0.996094,0.001953,0.998047,0.00021
1956282825268908,right,Médio,1,0.915527,0.833557,0.002441,0.915527,0.08197
1958689261709062,left,Médio,1,0.996582,0.993153,0.0,0.996582,0.003429
1958689261709062,right,Alto,2,0.985352,0.974609,0.003906,0.010742,0.985352
1958995898292293,left,Médio,1,0.874023,0.767151,0.019043,0.874023,0.106873
1958995898292293,right,Médio,1,0.960938,0.924316,0.002441,0.960938,0.036621
1961513438580307,left,Médio,1,0.955566,0.930634,0.019531,0.955566,0.024933
1961513438580307,right,Alto,2,0.800293,0.621582,0.020996,0.178711,0.800293
1967178017562346,left,Médio,1,0.942383,0.887695,0.054688,0.942383,0.003136
1967178017562346,right,Alto,2,0.995117,0.990234,0.0,0.004883,0.995117
1967944270450757,left,Médio,1,0.756836,0.558594,0.044922,0.756836,0.198242
1967944270450757,right,Alto,2,0.878906,0.764648,0.006836,0.114258,0.878906
1968020184126229,left,Médio,1,0.680664,0.364502,0.003418,0.680664,0.316162
1968020184126229,right,Médio,1,0.734375,0.470947,0.002441,0.734375,0.263428
1968610057021612,left,Médio,1,0.976562,0.953049,0.0,0.976562,0.023514
1968610057021612,right,Baixo,0,0.889648,0.783447,0.889648,0.106201,0.004116
1970658213859561,left,Baixo,0,0.829102,0.658569,0.829102,0.170532,0.000342
1970658213859561,right,Alto,2,0.772949,0.550293,0.004395,0.222656,0.772949
1973135283557611,left,Médio,1,0.785645,0.571289,0.214355,0.785645,2.2e-05
1973135283557611,right,Médio,1,0.990234,0.98349,0.00293,0.990234,0.006744
1973696626895627,left,Médio,1,0.793945,0.591553,0.003906,0.793945,0.202393
1973696626895627,right,Alto,2,0.515137,0.035156,0.004883,0.47998,0.515137
1974012296489508,left,Baixo,0,0.594727,0.189697,0.594727,0.405029,4.9e-05
1974012296489508,right,Médio,1,0.644531,0.289062,0.355469,0.644531,4.2e-05
1982046579016124,left,Baixo,0,0.977539,0.955353,0.977539,0.022186,6.8e-05
1982046579016124,right,Alto,2,0.710938,0.421875,0.0,0.289062,0.710938
1986084608982838,left,Baixo,0,0.791992,0.584229,0.791992,0.207764,0.000139
1986084608982838,right,Alto,2,0.733398,0.468262,0.001465,0.265137,0.733398
1988520141732313,left,Médio,1,0.771973,0.549316,0.222656,0.771973,0.005535
1988520141732313,right,Médio,1,0.973145,0.949707,0.023438,0.973145,0.003511
1991257231432349,left,Médio,1,0.909668,0.830078,0.07959,0.909668,0.010612
1991257231432349,right,Baixo,0,0.957031,0.916016,0.957031,0.041016,0.001949
1993790774838806,left,Médio,1,0.992188,0.986824,0.002441,0.992188,0.005363
1993790774838806,right,Alto,2,0.506836,0.015625,0.001953,0.491211,0.506836
2012924539547656,left,Médio,1,0.943848,0.905762,0.038086,0.943848,0.018127
2012924539547656,right,Baixo,0,0.567871,0.143311,0.567871,0.424561,0.007462
2014194619531606,left,Médio,1,0.583496,0.20166,0.034668,0.583496,0.381836
2014194619531606,right,Alto,2,0.751953,0.504395,0.000488,0.247559,0.751953
2016986122588788,left,Médio,1,0.712402,0.428711,0.283691,0.712402,0.004055
2016986122588788,right,Alto,2,0.917969,0.835938,0.0,0.082031,0.917969
2020268438816135,left,Baixo,0,0.950195,0.900513,0.950195,0.049683,7.7e-05
2020268438816135,right,Alto,2,0.727539,0.455078,0.0,0.272461,0.727539
2020695272218292,left,Médio,1,0.920898,0.842773,0.078125,0.920898,0.001216
2020695272218292,right,Alto,2,0.983398,0.967285,0.000488,0.016113,0.983398
2020817548763572,right,Médio,1,0.816895,0.650269,0.016602,0.816895,0.166626
2021279278730801,left,Baixo,0,0.989258,0.978493,0.989258,0.010765,1.4e-05
2021279278730801,right,Médio,1,0.717285,0.438965,0.27832,0.717285,0.004433
2023674431532057,left,Alto,2,0.656738,0.374512,0.282227,0.061035,0.656738
2023674431532057,right,Médio,1,0.964844,0.932861,0.003418,0.964844,0.031982
2025243658043692,left,Médio,1,0.983887,0.968262,0.015625,0.983887,0.000624
2025243658043692,right,Médio,1,0.607422,0.21582,0.000977,0.607422,0.391602
2025375181576695,left,Baixo,0,0.998535,0.997304,0.998535,0.001231,8e-06
2025375181576695,right,Médio,1,0.965332,0.930573,0.0,0.965332,0.03476
2027915194417290,left,Baixo,0,0.984375,0.968704,0.984375,0.015671,1e-06
2027915194417290,right,Médio,1,0.988281,0.978516,0.009766,0.988281,0.001883
2036053207182451,left,Médio,1,0.973145,0.956039,0.009766,0.973145,0.017105
2036053207182451,right,Alto,2,0.983398,0.967285,0.000488,0.016113,0.983398
2038628133375820,left,Médio,1,0.960449,0.921387,0.039062,0.960449,0.000377
2038628133375820,right,Baixo,0,0.62207,0.243896,0.62207,0.378174,0.000102
2038782433629800,left,Baixo,0,0.972168,0.944611,0.972168,0.027557,0.000464
2038782433629800,right,Alto,2,0.988281,0.976562,0.0,0.011719,0.988281
2050685102356542,left,Baixo,0,0.911621,0.832703,0.911621,0.009277,0.078918
2050685102356542,right,Alto,2,0.990234,0.980469,0.0,0.009766,0.990234
2067133940718172,left,Médio,1,0.967773,0.936279,0.000977,0.967773,0.031494
2067133940718172,right,Médio,1,0.969727,0.944336,0.025391,0.969727,0.004963
2075460673291227,left,Médio,1,0.994629,0.991699,0.00293,0.994629,0.002621
2075460673291227,right,Alto,2,0.983398,0.966797,0.0,0.016602,0.983398
2081597299297367,left,Alto,2,0.751953,0.504883,0.000977,0.24707,0.751953
2081597299297367,right,Alto,2,0.770996,0.598145,0.056152,0.172852,0.770996
2086692088820765,left,Médio,1,0.862793,0.729492,0.133301,0.862793,0.003708
2086692088820765,right,Baixo,0,0.598145,0.204102,0.598145,0.394043,0.007786
2088899761876552,left,Alto,2,0.634766,0.269531,0.0,0.365234,0.634766
2088899761876552,right,Alto,2,0.785156,0.570801,0.000488,0.214355,0.785156
2091989091787799,left,Baixo,0,0.983887,0.96814,0.983887,0.015747,0.000358
2091989091787799,right,Baixo,0,0.646973,0.324463,0.646973,0.32251,0.030441
2092378881599337,left,Baixo,0,0.947266,0.894775,0.947266,0.0,0.05249
2092378881599337,right,Baixo,0,0.992676,0.988426,0.992676,0.00425,0.002981
2093819228109456,left,Médio,1,0.98291,0.96582,0.01709,0.98291,0.000116
2093819228109456,right,Médio,1,0.885742,0.79126,0.02002,0.885742,0.094482
2096169844480835,left,Médio,1,0.675781,0.351562,0.324219,0.675781,1e-06
2096169844480835,right,Médio,1,0.887695,0.828156,0.052734,0.887695,0.05954
2102449890555082,left,Médio,1,0.55127,0.104492,0.446777,0.55127,0.001853
2102449890555082,right,Baixo,0,0.619141,0.238281,0.619141,0.380859,3.1e-05
2102792973869479,left,Médio,1,0.752441,0.504883,0.247559,0.752441,0.000143
2102792973869479,right,Médio,1,0.530762,0.061523,0.469238,0.530762,0.000138
2105141593563690,left,Médio,1,0.8125,0.626709,0.001953,0.8125,0.185791
2105141593563690,right,Alto,2,0.966797,0.933594,0.0,0.033203,0.966797
2107089233467946,left,Médio,1,0.976562,0.953369,0.0,0.976562,0.023193
2107089233467946,right,Alto,2,0.998047,0.996582,0.001465,0.000488,0.998047
2121094455400275,left,Médio,1,0.942383,0.893555,0.048828,0.942383,0.008987
2121094455400275,right,Médio,1,0.921387,0.852356,0.009766,0.921387,0.069031
2121440835277365,left,Médio,1,0.943359,0.892365,0.005859,0.943359,0.050995
2121440835277365,right,Médio,1,0.890625,0.782227,0.108398,0.890625,0.000839
2122149285195473,left,Médio,1,0.906738,0.854034,0.040527,0.906738,0.052704
2122149285195473,right,Baixo,0,0.947266,0.894806,0.947266,0.05246,5.9e-05
2122253611937727,left,Médio,1,0.84082,0.740723,0.100098,0.84082,0.059204
2122253611937727,right,Baixo,0,0.966309,0.933228,0.966309,0.033081,0.000584
2126549267882314,left,Baixo,0,0.902344,0.835449,0.902344,0.066895,0.030624
2126549267882314,right,Médio,1,0.975098,0.957031,0.018066,0.975098,0.007011
2126754131480791,left,Médio,1,0.948242,0.902832,0.04541,0.948242,0.006168
2126754131480791,right,Médio,1,0.717773,0.437012,0.001465,0.717773,0.280762
2130336434431839,left,Baixo,0,0.967773,0.935638,0.967773,0.032135,0.000267
2130336434431839,right,Médio,1,0.990723,0.981911,0.000488,0.990723,0.008812
2131630490976122,left,Baixo,0,0.595703,0.191406,0.595703,0.404297,2.4e-05
2131630490976122,right,Baixo,0,0.934082,0.868774,0.934082,0.065308,0.000764
2133435330727398,left,Médio,1,0.935059,0.874023,0.061035,0.935059,0.003824
2133435330727398,right,Baixo,0,0.999512,0.998997,0.999512,0.000515,1e-06
2141308253343621,left,Médio,1,0.632812,0.265625,0.0,0.632812,0.367188
2141308253343621,right,Alto,2,0.997559,0.995117,0.0,0.002441,0.997559
2142413793169399,left,Médio,1,0.919434,0.842773,0.07666,0.919434,0.004086
2142413793169399,right,Alto,2,0.85498,0.709961,0.0,0.14502,0.85498
2145038146238513,left,Baixo,0,0.983887,0.968933,0.983887,0.014954,0.000944
2145038146238513,right,Alto,2,0.759766,0.519531,0.0,0.240234,0.759766
2145429139540089,left,Alto,2,0.966309,0.932526,0.033783,0.0,0.966309
2145429139540089,right,Alto,2,0.960938,0.921875,0.0,0.039062,0.960938
2200151344147419,left,Médio,1,0.969727,0.94043,0.029297,0.969727,0.000894
2200151344147419,right,Baixo,0,0.999512,0.999164,0.999512,0.000348,0.000156
2231420494033959,left,Médio,1,0.987793,0.975586,0.012207,0.987793,4.1e-05
2231420494033959,right,Médio,1,0.958008,0.930267,0.01416,0.958008,0.02774
2237542890102252,left,Baixo,0,0.99707,0.994253,0.99707,0.002817,3.8e-05
2237542890102252,right,Alto,2,0.722168,0.555176,0.11084,0.166992,0.722168
2242207202937781,left,Médio,1,0.612793,0.225586,0.0,0.612793,0.387207
2242207202937781,right,Alto,2,0.985352,0.970703,0.0,0.014648,0.985352
2252374308622223,left,Baixo,0,0.520508,0.254395,0.520508,0.266113,0.213257
2252374308622223,right,Médio,1,0.748047,0.604492,0.143555,0.748047,0.108215
2254657501689239,left,Baixo,0,0.609375,0.218994,0.609375,0.390381,0.000207
2254657501689239,right,Médio,1,0.537598,0.214844,0.139648,0.537598,0.322754
2259352788228651,left,Médio,1,0.837402,0.674805,0.0,0.837402,0.162598
2259352788228651,right,Médio,1,0.55957,0.119141,0.44043,0.55957,6.3e-05
2282582682153328,left,Baixo,0,0.683594,0.366943,0.683594,0.31665,1.4e-05
2282582682153328,right,Médio,1,0.945312,0.912109,0.033203,0.945312,0.021408
2287952598354949,right,Alto,2,0.985352,0.970703,0.0,0.014648,0.985352
2289435024854538,left,Médio,1,0.538574,0.083008,0.455566,0.538574,0.005753
2289435024854538,right,Baixo,0,0.998047,0.996431,0.998047,0.001616,0.000517
2290802621445867,left,Médio,1,0.903809,0.807922,0.000488,0.903809,0.095886
2290802621445867,right,Médio,1,0.939453,0.886932,0.007812,0.939453,0.052521
2295001224329297,left,Médio,1,0.808594,0.616943,0.0,0.808594,0.19165
2295001224329297,right,Baixo,0,0.999023,0.998103,0.999023,0.000921,4.2e-05
2298991223916234,left,Médio,1,0.63916,0.27832,0.36084,0.63916,4e-06
2298991223916234,right,Médio,1,0.892578,0.786438,0.001465,0.892578,0.10614
2299825747178861,left,Médio,1,0.992676,0.986362,0.000977,0.992676,0.006313
2300387583777594,left,Médio,1,0.925293,0.850403,0.0,0.925293,0.07489
2300387583777594,right,Alto,2,0.978027,0.957031,0.000977,0.020996,0.978027
2302200350288833,left,Médio,1,0.894043,0.789062,0.10498,0.894043,0.001174
2302200350288833,right,Alto,2,0.879883,0.759766,0.0,0.120117,0.879883
2305319299955891,left,Médio,1,0.969238,0.938797,0.000488,0.969238,0.030441
2305319299955891,right,Médio,1,0.913574,0.828613,0.084961,0.913574,0.001549
2305600146572394,left,Médio,1,0.956055,0.912109,0.043945,0.956055,0.000182
2305600146572394,right,Médio,1,0.615723,0.231934,0.000488,0.615723,0.383789
2306951136453345,left,Baixo,0,0.571289,0.143066,0.571289,0.428223,0.000303
2306951136453345,right,Médio,1,0.845215,0.690918,0.154297,0.845215,0.000688
2307824963017614,left,Médio,1,0.789062,0.57959,0.209473,0.789062,0.001623
2307824963017614,right,Médio,1,0.845703,0.702515,0.01123,0.845703,0.143188
2319101151903249,left,Médio,1,0.96582,0.937485,0.005859,0.96582,0.028336
2319101151903249,right,Médio,1,0.986328,0.972794,0.0,0.986328,0.013535
2320130585139855,left,Médio,1,0.791992,0.584961,0.000977,0.791992,0.207031
2320130585139855,right,Alto,2,0.946289,0.894043,0.001465,0.052246,0.946289
2322719631557795,left,Médio,1,0.972168,0.946167,0.001953,0.972168,0.026001
2322719631557795,right,Médio,1,0.986816,0.976074,0.010742,0.986816,0.00255
2327365531070452,left,Médio,1,0.499756,0.000244,0.499512,0.499756,0.000657
2327365531070452,right,Alto,2,0.862793,0.744141,0.018555,0.118652,0.862793
2329152950830896,left,Baixo,0,0.503418,0.00708,0.503418,0.496338,0.000719
2329152950830896,right,Baixo,0,0.964355,0.929626,0.964355,0.034729,0.00089
2330917684082596,left,Médio,1,0.993652,0.989258,0.004395,0.993652,0.002035
2330917684082596,right,Alto,2,0.938477,0.876953,0.0,0.061523,0.938477
2333379837105918,left,Baixo,0,0.833496,0.667725,0.833496,0.165771,0.000685
2333379837105918,right,Baixo,0,0.998535,0.997264,0.998535,0.001271,0.00015
2338485229931998,left,Baixo,0,0.993164,0.987686,0.993164,0.005478,0.001372
2338485229931998,right,Baixo,0,0.859375,0.737793,0.859375,0.121582,0.019302
2338549216639532,left,Médio,1,0.993164,0.987793,0.005371,0.993164,0.001255
2338549216639532,right,Médio,1,0.85791,0.728027,0.129883,0.85791,0.012291
2340646779787955,left,Baixo,0,0.574707,0.14917,0.574707,0.425537,0.000197
2340646779787955,right,Médio,1,0.709961,0.429199,0.009277,0.709961,0.280762
2341048586344239,left,Médio,1,0.96582,0.931976,0.000488,0.96582,0.033844
2341048586344239,right,Médio,1,0.911133,0.831543,0.07959,0.911133,0.009453
2348080298939250,left,Médio,1,0.840332,0.702637,0.137695,0.840332,0.021774
2348080298939250,right,Baixo,0,0.508789,0.018555,0.508789,0.490234,0.000876
2350109728824910,left,Baixo,0,0.992188,0.984756,0.992188,0.007431,0.000353
2350109728824910,right,Baixo,0,0.994629,0.989483,0.994629,0.005146,0.000155
2351813028592796,left,Baixo,0,0.963867,0.93425,0.963867,0.029617,0.006668
2351813028592796,right,Médio,1,0.827148,0.666382,0.012207,0.827148,0.160767
2358795497911628,left,Médio,1,0.914062,0.84082,0.073242,0.914062,0.012924
2358795497911628,right,Baixo,0,0.903809,0.810181,0.903809,0.093628,0.002562
2363273530781107,left,Baixo,0,0.88623,0.773499,0.88623,0.112732,0.001032
2363273530781107,right,Baixo,0,0.968262,0.937897,0.968262,0.030365,0.001438
2366668117092482,left,Médio,1,0.903809,0.812988,0.09082,0.903809,0.005447
2366668117092482,right,Médio,1,0.655762,0.3125,0.000977,0.655762,0.343262
2369030023535639,left,Médio,1,0.845703,0.69165,0.0,0.845703,0.154053
2369030023535639,right,Médio,1,0.714844,0.438965,0.275879,0.714844,0.009415
2371901829930020,left,Baixo,0,0.994141,0.988346,0.994141,0.005795,2e-06
2371901829930020,right,Médio,1,0.582031,0.165283,0.001465,0.582031,0.416748
2375672939529463,left,Médio,1,0.51416,0.029297,0.484863,0.51416,0.000773
2375672939529463,right,Baixo,0,0.873535,0.747314,0.873535,0.126221,6.2e-05
2377532339333404,left,Alto,2,0.592773,0.186035,0.000488,0.406738,0.592773
2377532339333404,right,Alto,2,0.555664,0.166504,0.055176,0.38916,0.555664
2385603455222734,left,Médio,1,0.747559,0.495117,0.252441,0.747559,6.4e-05
2385603455222734,right,Baixo,0,0.882812,0.765625,0.882812,0.117188,0.000167
2389644038175318,left,Baixo,0,0.79834,0.59668,0.79834,0.20166,1.3e-05
2389644038175318,right,Baixo,0,0.999512,0.998821,0.999512,0.00069,2.2e-05
2394964047590873,left,Baixo,0,0.822266,0.645508,0.822266,0.176758,0.001188
2394964047590873,right,Médio,1,0.810059,0.620728,0.000488,0.810059,0.189331
2403129030135919,left,Baixo,0,1.0,0.999855,1.0,0.000145,1e-06
2403129030135919,right,Médio,1,0.875977,0.757812,0.118164,0.875977,0.005844
2405790803204159,left,Baixo,0,0.816406,0.633179,0.816406,0.183228,0.000175
2405790803204159,right,Baixo,0,0.882812,0.774048,0.882812,0.108765,0.008415
2409741892807881,left,Médio,1,0.947266,0.895508,0.051758,0.947266,0.00104
2409741892807881,right,Médio,1,0.774414,0.592285,0.182129,0.774414,0.043213
2418292205296985,left,Médio,1,0.960449,0.920898,0.0,0.960449,0.039551
2418292205296985,right,Alto,2,0.517578,0.041504,0.006348,0.476074,0.517578
2420442368430460,left,Médio,1,0.923828,0.847656,0.076172,0.923828,0.000182
2420442368430460,right,Baixo,0,0.787598,0.575928,0.787598,0.21167,0.000801
24301217109576962,left,Médio,1,0.865723,0.797363,0.068359,0.865723,0.066101
24301217109576962,right,Alto,2,0.915039,0.842773,0.012695,0.072266,0.915039
2433812080411323,left,Alto,2,0.548828,0.098145,0.000488,0.450684,0.548828
2433812080411323,right,Alto,2,0.512695,0.026367,0.000977,0.486328,0.512695
2436083263521272,left,Baixo,0,0.620117,0.240479,0.620117,0.379639,0.00014
2436083263521272,right,Médio,1,0.546387,0.134277,0.412109,0.546387,0.041534
2439968719790313,left,Médio,1,0.992676,0.985352,0.007324,0.992676,0.000118
2439968719790313,right,Médio,1,0.983887,0.969658,0.001953,0.983887,0.014229
2452096571859973,left,Baixo,0,0.708984,0.418213,0.708984,0.290771,5e-05
2452096571859973,right,Baixo,0,0.90918,0.818359,0.90918,0.09082,6.2e-05
2453450155112422,left,Médio,1,0.992676,0.985188,0.0,0.992676,0.007488
2453450155112422,right,Alto,2,0.594727,0.189941,0.000488,0.404785,0.594727
2458733611241736,left,Médio,1,0.896973,0.841797,0.055176,0.896973,0.048035
2458733611241736,right,Alto,2,0.994629,0.989258,0.0,0.005371,0.994629
2458851474534662,left,Médio,1,0.993652,0.987411,0.0,0.993652,0.006241
2458851474534662,right,Médio,1,0.904297,0.809265,0.000488,0.904297,0.095032
2466300987100153,left,Médio,1,0.98291,0.966125,0.000488,0.98291,0.016785
2466300987100153,right,Médio,1,0.759766,0.519897,0.000488,0.759766,0.239868
2469074466881672,left,Médio,1,0.948242,0.896973,0.05127,0.948242,0.000338
2469074466881672,right,Médio,1,0.910645,0.827332,0.005859,0.910645,0.083313
2475086262894146,left,Alto,2,0.557129,0.287109,0.27002,0.172852,0.557129
2475086262894146,right,Médio,1,0.749023,0.538696,0.040527,0.749023,0.210327
2509256846137769,left,Baixo,0,0.962402,0.925201,0.962402,0.037201,0.000406
2509256846137769,right,Médio,1,0.791016,0.594727,0.196289,0.791016,0.012825
25102318392780646,left,Baixo,0,0.616211,0.232178,0.616211,0.384033,2e-06
25102318392780646,right,Médio,1,0.72168,0.509644,0.066406,0.72168,0.212036
25111840835157142,left,Médio,1,0.989258,0.978401,0.0,0.989258,0.010857
25111840835157142,right,Alto,2,0.745605,0.491211,0.0,0.254395,0.745605
25276213372057760,left,Baixo,0,0.991211,0.982262,0.991211,0.008949,1e-06
25276213372057760,right,Alto,2,0.909668,0.819336,0.0,0.090332,0.909668
25489295554062150,left,Médio,1,0.945312,0.891998,0.001465,0.945312,0.053314
25489295554062150,right,Alto,2,0.990234,0.983887,0.003418,0.006348,0.990234
25542786775416079,left,Médio,1,0.937988,0.904297,0.033691,0.937988,0.028107
25542786775416079,right,Alto,2,0.658691,0.343262,0.025879,0.31543,0.658691
25553814720953299,left,Baixo,0,0.996582,0.993347,0.996582,0.0,0.003235
25553814720953299,right,Baixo,0,0.929688,0.859436,0.929688,0.0,0.070251
25575612248798946,left,Médio,1,0.990723,0.984375,0.006348,0.990723,0.002758
25575612248798946,right,Médio,1,0.881348,0.762695,0.118652,0.881348,7.5e-05
25658251483844537,left,Baixo,0,0.97998,0.962616,0.97998,0.017365,0.002472
25658251483844537,right,Alto,2,0.998047,0.996094,0.0,0.001953,0.998047
25680108211638356,right,Médio,1,0.864258,0.729004,0.135254,0.864258,0.000395
25699382086419527,left,Baixo,0,0.665527,0.331055,0.665527,0.334473,6.6e-05
25699382086419527,right,Baixo,0,0.987305,0.9757,0.987305,0.011604,0.001065
25721884467450624,left,Médio,1,0.93457,0.87207,0.0625,0.93457,0.002913
25721884467450624,right,Baixo,0,0.995605,0.991199,0.995605,0.004406,2.6e-05
2572974206419137,left,Baixo,0,0.536621,0.078369,0.536621,0.458252,0.005604
2572974206419137,right,Médio,1,0.659668,0.322266,0.00293,0.659668,0.337402
25742189968770038,left,Baixo,0,0.807129,0.630615,0.807129,0.176514,0.016464
25742189968770038,right,Médio,1,0.738281,0.538574,0.199707,0.738281,0.062103
25743144025352752,left,Baixo,0,0.771973,0.544067,0.771973,0.227905,0.000238
25743144025352752,right,Alto,2,0.789062,0.578125,0.0,0.210938,0.789062
25763148630040243,left,Médio,1,0.793945,0.592773,0.004883,0.793945,0.201172
25763148630040243,right,Alto,2,0.854492,0.708984,0.0,0.145508,0.854492
25775694952067830,left,Alto,2,0.835938,0.674316,0.002441,0.161621,0.835938
25775694952067830,right,Alto,2,0.990723,0.981445,0.0,0.009277,0.990723
25778851828422642,left,Médio,1,0.87793,0.756348,0.121582,0.87793,0.000664
25778851828422642,right,Alto,2,0.500488,0.083496,0.08252,0.416992,0.500488
25791616363806215,left,Médio,1,0.986816,0.973793,0.0,0.986816,0.013023
25791616363806215,right,Médio,1,0.813965,0.631836,0.182129,0.813965,0.00378
25791731330443026,left,Baixo,0,0.984863,0.969856,0.984863,0.015007,9e-06
25791731330443026,right,Baixo,0,0.71582,0.439697,0.71582,0.276123,0.008034
25841529402107173,left,Alto,2,0.66748,0.334961,0.0,0.33252,0.66748
25841529402107173,right,Alto,2,0.953613,0.907227,0.0,0.046387,0.953613
25858997687122964,left,Médio,1,0.989258,0.981934,0.007324,0.989258,0.003197
25858997687122964,right,Médio,1,0.988281,0.981869,0.005371,0.988281,0.006413
25876098712002006,left,Médio,1,0.945801,0.898468,0.006836,0.945801,0.047333
25876098712002006,right,Baixo,0,0.951172,0.914459,0.951172,0.036713,0.012146
25920002170967125,left,Médio,1,0.960938,0.939453,0.021484,0.960938,0.017639
25920002170967125,right,Médio,1,0.791992,0.585205,0.001465,0.791992,0.206787
25925255890444755,left,Médio,1,0.981445,0.962891,0.018555,0.981445,0.000117
25925255890444755,right,Médio,1,0.867188,0.787109,0.080078,0.867188,0.052612
25955404847423238,left,Médio,1,0.79248,0.584961,0.0,0.79248,0.20752
25955404847423238,right,Médio,1,0.537109,0.116943,0.042969,0.537109,0.420166
25978319321800763,left,Baixo,0,0.989746,0.980904,0.989746,0.008842,0.001367
25978319321800763,right,Baixo,0,0.931152,0.862122,0.931152,0.069031,2.7e-05
26054364884176516,left,Alto,2,0.828613,0.657227,0.0,0.171387,0.828613
26054364884176516,right,Médio,1,0.712891,0.439209,0.013672,0.712891,0.273682
2608277619559476,left,Médio,1,0.910645,0.822266,0.088379,0.910645,0.00097
2608277619559476,right,Médio,1,0.899902,0.805176,0.094727,0.899902,0.00547
26122337380697626,left,Baixo,0,0.937012,0.874146,0.937012,0.062866,0.000238
26122337380697626,right,Médio,1,0.583008,0.16626,0.0,0.583008,0.416748
2612581855779251,left,Baixo,0,0.978027,0.958588,0.978027,0.01944,0.002663
2612581855779251,right,Baixo,0,0.980469,0.961517,0.980469,0.018951,0.000473
26150914647849313,left,Baixo,0,0.918945,0.838867,0.918945,0.080078,0.000826
26150914647849313,right,Alto,2,0.898926,0.800781,0.00293,0.098145,0.898926
2616467602066535,left,Médio,1,0.92627,0.855591,0.00293,0.92627,0.070679
2616467602066535,right,Médio,1,0.782715,0.626953,0.155762,0.782715,0.061646
26208618352078995,left,Médio,1,0.988281,0.97641,0.0,0.988281,0.011871
26208618352078995,right,Médio,1,0.949219,0.915039,0.03418,0.949219,0.016464
26223118390647413,left,Baixo,0,0.995117,0.991001,0.995117,0.004116,0.000693
26223118390647413,right,Médio,1,0.520996,0.042969,0.000977,0.520996,0.478027
26309176375335325,left,Médio,1,0.970703,0.944,0.002441,0.970703,0.026703
26309176375335325,right,Médio,1,0.882812,0.79895,0.033203,0.882812,0.083862
26321926457399931,left,Médio,1,0.921875,0.851685,0.007812,0.921875,0.07019
26321926457399931,right,Baixo,0,0.927734,0.858398,0.927734,0.069336,0.002758
26345639121738973,left,Médio,1,0.880371,0.76123,0.119141,0.880371,0.000521
26345639121738973,right,Médio,1,0.781738,0.564941,0.216797,0.781738,0.001432
2643147079379341,left,Baixo,0,0.569336,0.138428,0.569336,0.430908,0.000111
2643147079379341,right,Médio,1,0.884277,0.769714,0.000977,0.884277,0.114563
2649478455419277,left,Médio,1,0.871094,0.742188,0.0,0.871094,0.128906
2649478455419277,right,Médio,1,0.614746,0.229492,0.385254,0.614746,1.3e-05
2650321065336780,left,Médio,1,0.95459,0.928177,0.019043,0.95459,0.026413
2650321065336780,right,Médio,1,0.46875,0.021973,0.084473,0.46875,0.446777
2652790398430762,left,Baixo,0,0.995117,0.99136,0.995117,0.003757,0.001362
2652790398430762,right,Médio,1,0.965332,0.939819,0.009277,0.965332,0.025513
26628962056706316,left,Baixo,0,0.86084,0.75354,0.86084,0.1073,0.03186
26628962056706316,right,Médio,1,0.601074,0.203613,0.397461,0.601074,0.001507
2667292226969341,left,Baixo,0,0.894531,0.789001,0.894531,0.10553,6.8e-05
2669323900092469,left,Médio,1,0.986328,0.975037,0.002441,0.986328,0.011292
2669323900092469,right,Alto,2,0.900391,0.80127,0.000488,0.099121,0.900391
2672015669828416,left,Médio,1,0.993652,0.990417,0.00293,0.993652,0.003235
2672015669828416,right,Alto,2,0.998047,0.996582,0.000488,0.001465,0.998047
2687714351596262,left,Baixo,0,0.615234,0.230469,0.615234,0.384766,3.4e-05
2687714351596262,right,Médio,1,0.80127,0.612305,0.188965,0.80127,0.009972
2691452027907491,left,Médio,1,0.90918,0.832031,0.077148,0.90918,0.013634
2691452027907491,right,Médio,1,0.837891,0.695801,0.14209,0.837891,0.020142
2696537774032074,left,Médio,1,0.915039,0.830261,0.0,0.915039,0.084778
2696537774032074,right,Médio,1,0.910156,0.820801,0.089355,0.910156,0.000477
2725884714452176,left,Médio,1,0.98584,0.971504,0.0,0.98584,0.014336
2725884714452176,right,Médio,1,0.957031,0.918701,0.004883,0.957031,0.03833
2729916077353688,left,Médio,1,0.987305,0.974609,0.012695,0.987305,0.000232
2729916077353688,right,Médio,1,0.965332,0.930786,0.0,0.965332,0.034546
2735180356836837,left,Médio,1,0.598633,0.197754,0.400879,0.598633,0.00036
2735180356836837,right,Alto,2,0.755859,0.511719,0.0,0.244141,0.755859
2745218072492265,left,Médio,1,0.812012,0.62793,0.184082,0.812012,0.003855
2745218072492265,right,Alto,2,0.930664,0.861816,0.000488,0.068848,0.930664
2748141208860141,left,Médio,1,0.366699,0.125488,0.141113,0.366699,0.492188
2748141208860141,right,Médio,1,0.965332,0.938477,0.026855,0.965332,0.007694
2775099219511650,left,Baixo,0,0.85791,0.719482,0.85791,0.138428,0.004009
2775099219511650,right,Baixo,0,0.869629,0.753967,0.869629,0.115662,0.014732
2852916024905638,left,Médio,1,0.961914,0.924316,0.000488,0.961914,0.037598
2852916024905638,right,Médio,1,0.974121,0.952148,0.021973,0.974121,0.003708
2930852177118331,left,Médio,1,0.979004,0.959961,0.019043,0.979004,0.002174
2930852177118331,right,Médio,1,0.943359,0.887695,0.055664,0.943359,0.001112
3025367954340117,left,Médio,1,0.979492,0.960938,0.018555,0.979492,0.001926
3025367954340117,right,Baixo,0,0.996582,0.993065,0.996582,0.003517,4.7e-05
3038209536367322,left,Médio,1,0.902832,0.806152,0.09668,0.902832,0.000577
3038209536367322,right,Médio,1,0.855469,0.715332,0.004395,0.855469,0.140137
3039574063096951,left,Médio,1,0.667969,0.336426,0.331543,0.667969,0.000385
3039574063096951,right,Alto,2,0.831055,0.674805,0.012695,0.15625,0.831055
3044741195915178,left,Médio,1,0.993652,0.988434,0.000977,0.993652,0.005219
3044741195915178,right,Médio,1,0.986816,0.978027,0.008789,0.986816,0.004539
3054047354983584,left,Médio,1,0.884766,0.769592,0.0,0.884766,0.115173
3054047354983584,right,Alto,2,0.683105,0.380859,0.014648,0.302246,0.683105
3130917430452170,left,Médio,1,0.97998,0.962204,0.002441,0.97998,0.017776
3130917430452170,right,Médio,1,0.733887,0.472656,0.26123,0.733887,0.004963
3149032545284342,left,Médio,1,0.952148,0.918457,0.033691,0.952148,0.014175
3149032545284342,right,Alto,2,0.589844,0.19873,0.019043,0.391113,0.589844
3200328753461955,left,Alto,2,0.743652,0.487305,0.0,0.256348,0.743652
3200328753461955,right,Baixo,0,0.974609,0.949448,0.974609,0.025162,0.000253
3282778218560260,left,Médio,1,0.996582,0.993099,0.0,0.996582,0.003483
3282778218560260,right,Médio,1,0.961426,0.941086,0.018066,0.961426,0.02034
3302252556600841,left,Baixo,0,0.876953,0.754089,0.876953,0.0,0.122864
3302252556600841,right,Alto,2,0.962891,0.925781,0.0,0.037109,0.962891
33331045326544077,left,Baixo,0,0.990723,0.981857,0.990723,0.008865,0.000298
33331045326544077,right,Alto,2,0.8125,0.635254,0.010254,0.177246,0.8125
33464176259893658,left,Baixo,0,0.952148,0.909882,0.952148,0.042267,0.005344
33464176259893658,right,Médio,1,0.980469,0.964355,0.016113,0.980469,0.003551
3351300598357758,left,Médio,1,0.819336,0.642578,0.176758,0.819336,0.00378
3351300598357758,right,Alto,2,0.937988,0.875977,0.0,0.062012,0.937988
33519442884370882,left,Médio,1,0.888184,0.784058,0.007812,0.888184,0.104126
33519442884370882,right,Médio,1,0.584961,0.171143,0.001465,0.584961,0.413818
33774943915429949,left,Baixo,0,0.782715,0.579224,0.782715,0.203491,0.013634
33774943915429949,right,Alto,2,0.950195,0.901855,0.001465,0.04834,0.950195
33828670533412940,left,Baixo,0,0.9375,0.874817,0.9375,0.062683,1.6e-05
33828670533412940,right,Baixo,0,0.69043,0.383545,0.69043,0.306885,0.002522
3392360430927835,left,Médio,1,0.563965,0.132812,0.431152,0.563965,0.005119
3392360430927835,right,Médio,1,0.844727,0.694824,0.149902,0.844727,0.005363
34426862453567661,left,Médio,1,0.927734,0.856812,0.001465,0.927734,0.070923
34426862453567661,right,Alto,2,0.975098,0.95459,0.004395,0.020508,0.975098
3446296705518883,left,Médio,1,0.490234,0.059082,0.431152,0.490234,0.078491
3446296705518883,right,Alto,2,0.999023,0.998047,0.0,0.000977,0.999023
34472896232297629,left,Baixo,0,0.913086,0.826782,0.913086,0.086304,0.000607
34472896232297629,right,Baixo,0,0.97998,0.968155,0.97998,0.008163,0.011826
3462309880588073,left,Baixo,0,0.983398,0.96698,0.983398,0.016418,0.000171
3462309880588073,right,Baixo,0,0.724609,0.449707,0.724609,0.274902,0.000308
3466852626807848,left,Médio,1,0.992188,0.985748,0.001465,0.992188,0.006439
3466852626807848,right,Alto,2,0.975586,0.951172,0.0,0.024414,0.975586
3466930176809865,left,Médio,1,0.531738,0.104492,0.427246,0.531738,0.040833
3466930176809865,right,Alto,2,0.501953,0.004395,0.000488,0.497559,0.501953
3699300240207464,left,Médio,1,0.915039,0.834961,0.004883,0.915039,0.080078
3699300240207464,right,Médio,1,0.977539,0.95697,0.001953,0.977539,0.020569
3777482079214160,left,Baixo,0,0.82959,0.659546,0.82959,0.170044,0.000223
3777482079214160,right,Alto,2,0.500977,0.016602,0.014648,0.484375,0.500977
3794821907486335,left,Baixo,0,0.609863,0.22168,0.609863,0.388184,0.002058
3794821907486335,right,Alto,2,0.988281,0.976562,0.0,0.011719,0.988281
3829918593807891,left,Médio,1,0.981934,0.964355,0.017578,0.981934,0.000511
3829918593807891,right,Baixo,0,0.893066,0.790955,0.893066,0.102112,0.004772
3881553335311585,left,Médio,1,0.871094,0.754761,0.012695,0.871094,0.116333
3881553335311585,right,Médio,1,0.540039,0.086426,0.453613,0.540039,0.006462
3928754560752503,left,Médio,1,0.745605,0.491211,0.254395,0.745605,0.000141
3928754560752503,right,Médio,1,0.540039,0.083984,0.003906,0.540039,0.456055
3931070503857554,left,Médio,1,0.980469,0.964844,0.015625,0.980469,0.004025
3931070503857554,right,Alto,2,0.561523,0.152344,0.029297,0.40918,0.561523
3975539426001756,left,Médio,1,0.981934,0.971191,0.010742,0.981934,0.007259
3975539426001756,right,Baixo,0,0.520508,0.041992,0.520508,0.478516,0.000811
3989623831329303,left,Médio,1,0.995117,0.989998,0.0,0.995117,0.005119
3989623831329303,right,Médio,1,0.931152,0.896484,0.034668,0.931152,0.034027
4036667953222260,left,Médio,1,0.999023,0.998047,0.000977,0.999023,4.3e-05
4036667953222260,right,Médio,1,0.533691,0.169922,0.36377,0.533691,0.102478
4042368669314028,left,Baixo,0,0.97168,0.947174,0.97168,0.024506,0.003944
4042368669314028,right,Baixo,0,0.998047,0.996906,0.998047,0.001141,0.000817
4125285954355258,left,Médio,1,0.956543,0.917969,0.038574,0.956543,0.005062
4125285954355258,right,Alto,2,0.920898,0.842773,0.000977,0.078125,0.920898
4126938510900339,left,Médio,1,0.618164,0.238281,0.379883,0.618164,0.001727
4126938510900339,right,Baixo,0,0.995117,0.991169,0.995117,0.003948,0.00109
4137458459843596,right,Alto,2,0.997559,0.995121,0.002438,0.0,0.997559
4179385419042340,left,Médio,1,0.958008,0.925293,0.032715,0.958008,0.009125
4179385419042340,right,Médio,1,0.969727,0.941406,0.02832,0.969727,0.001972
4187229224822080,left,Médio,1,0.913086,0.865234,0.047852,0.913086,0.038971
4187229224822080,right,Baixo,0,0.999023,0.998016,0.999023,0.0,0.001007
4189061977973891,left,Baixo,0,0.689941,0.381348,0.689941,0.308594,0.001927
4189061977973891,right,Baixo,0,0.614258,0.334229,0.614258,0.280029,0.105774
4195795390634808,left,Baixo,0,0.875,0.750671,0.875,0.124329,0.000789
4195795390634808,right,Médio,1,0.90332,0.812012,0.091309,0.90332,0.005199
4220491364935384,left,Médio,1,0.98291,0.96875,0.01416,0.98291,0.002693
4220491364935384,right,Alto,2,0.998535,0.99707,0.0,0.001465,0.998535
4221009751449139,left,Médio,1,0.888184,0.785522,0.009277,0.888184,0.102661
4221009751449139,right,Baixo,0,0.816406,0.635376,0.816406,0.18103,0.002684
4230091950582767,left,Médio,1,0.970215,0.945312,0.024902,0.970215,0.004738
4230091950582767,right,Alto,2,0.99707,0.994141,0.0,0.00293,0.99707
4250366805214943,left,Médio,1,0.693848,0.387695,0.0,0.693848,0.306152
4250366805214943,right,Baixo,0,0.973145,0.951111,0.973145,0.022034,0.004925
4275669832697733,left,Médio,1,0.824219,0.652588,0.004395,0.824219,0.171631
4275669832697733,right,Médio,1,0.961914,0.930664,0.006836,0.961914,0.03125
4310599449261029,left,Baixo,0,0.579102,0.166016,0.579102,0.413086,0.007576
4310599449261029,right,Médio,1,0.729492,0.509766,0.219727,0.729492,0.050598
4324900721161540,left,Médio,1,0.993652,0.987793,0.005859,0.993652,0.000612
4324900721161540,right,Alto,2,0.814453,0.630859,0.001953,0.183594,0.814453
4328994584013956,left,Médio,1,0.986328,0.974457,0.001953,0.986328,0.011871
4328994584013956,right,Médio,1,0.758301,0.518921,0.002441,0.758301,0.23938
4366761470317663,left,Baixo,0,0.955566,0.911346,0.955566,0.0,0.04422
4366761470317663,right,Médio,1,0.730469,0.465088,0.003906,0.730469,0.265381
4383268525279627,left,Médio,1,0.541992,0.085449,0.456543,0.541992,0.001668
4383268525279627,right,Baixo,0,0.955566,0.911163,0.955566,0.044403,0.000129
4386012048300927,left,Médio,1,0.947754,0.895996,0.051758,0.947754,0.000305
4386012048300927,right,Médio,1,0.549805,0.122803,0.023438,0.549805,0.427002
4393846907564395,left,Alto,2,0.931641,0.863281,0.0,0.068359,0.931641
4393846907564395,right,Alto,2,0.998047,0.996094,0.0,0.001953,0.998047
4433506423549274,left,Baixo,0,0.836426,0.675049,0.836426,0.161377,0.00235
4433506423549274,right,Baixo,0,0.999512,0.999257,0.999512,0.000255,1.5e-05
4449208891973898,left,Médio,1,0.804199,0.620483,0.012207,0.804199,0.183716
4449208891973898,right,Alto,2,0.895996,0.795898,0.003906,0.100098,0.895996
4488105941473836,left,Médio,1,0.737305,0.474854,0.0,0.737305,0.262451
4488105941473836,right,Alto,2,0.980469,0.960938,0.0,0.019531,0.980469
4491700937732232,left,Baixo,0,0.82373,0.648193,0.82373,0.175537,0.000795
4491700937732232,right,Alto,2,0.983398,0.966797,0.0,0.016602,0.983398
4509613035926202,left,Médio,1,0.988281,0.977051,0.01123,0.988281,0.000403
4509613035926202,right,Médio,1,0.66748,0.336914,0.001953,0.66748,0.330566
5205780052979878,left,Alto,2,0.730469,0.460938,0.0,0.269531,0.730469
5205780052979878,right,Alto,2,0.99707,0.994141,0.0,0.00293,0.99707
5268827810008201,left,Médio,1,0.875977,0.752502,0.000488,0.875977,0.123474
5268827810008201,right,Médio,1,0.989746,0.979492,0.010254,0.989746,2.9e-05
650418448134474,left,Médio,1,0.787598,0.676331,0.101074,0.787598,0.111267
650418448134474,right,Médio,1,0.847168,0.722168,0.125,0.847168,0.027802
660362073832614,left,Médio,1,0.592773,0.185547,0.407227,0.592773,0.000122
660362073832614,right,Médio,1,0.829102,0.714355,0.114746,0.829102,0.05603
664100953392869,left,Alto,2,0.928711,0.857422,0.0,0.071289,0.928711
664100953392869,right,Alto,2,0.699219,0.399902,0.001465,0.299316,0.699219
665081019960189,left,Médio,1,0.916016,0.833008,0.083008,0.916016,0.001124
665081019960189,right,Médio,1,0.778809,0.557617,0.0,0.778809,0.221191
677273135379037,left,Médio,1,0.914062,0.837769,0.009766,0.914062,0.076294
677273135379037,right,Alto,2,0.921387,0.843262,0.000488,0.078125,0.921387
677510205357110,left,Médio,1,0.899414,0.804565,0.005859,0.899414,0.094849
677510205357110,right,Médio,1,0.600586,0.207275,0.005859,0.600586,0.393311
678943568542118,left,Médio,1,0.87207,0.744263,0.0,0.87207,0.127808
678943568542118,right,Baixo,0,0.859863,0.719971,0.859863,0.139893,0.000323
692555723825470,left,Baixo,0,0.995605,0.990852,0.995605,0.0,0.004753
692555723825470,right,Baixo,0,0.975586,0.950974,0.975586,0.024612,6e-06
694484030296626,left,Médio,1,0.950684,0.90274,0.001465,0.950684,0.047943
694484030296626,right,Médio,1,0.943848,0.905762,0.038086,0.943848,0.017853
705007169217055,left,Baixo,0,0.512695,0.025635,0.512695,0.487061,0.000191
705007169217055,right,Médio,1,0.768555,0.538208,0.000977,0.768555,0.230347
707731832270404,left,Médio,1,0.629395,0.269043,0.360352,0.629395,0.010208
707731832270404,right,Médio,1,0.918457,0.856445,0.062012,0.918457,0.019348
707766768935903,left,Médio,1,0.977539,0.955917,0.000977,0.977539,0.021622
707766768935903,right,Médio,1,0.916504,0.837463,0.004395,0.916504,0.079041
707998595580426,left,Médio,1,0.998535,0.99707,0.001465,0.998535,2.6e-05
707998595580426,right,Médio,1,0.928223,0.882111,0.025879,0.928223,0.046112
721201847528174,left,Médio,1,0.989258,0.97998,0.009277,0.989258,0.001444
721201847528174,right,Médio,1,0.782227,0.648193,0.083984,0.782227,0.134033
721604360829199,left,Médio,1,0.879395,0.768066,0.111328,0.879395,0.009415
721604360829199,right,Médio,1,0.733398,0.468262,0.265137,0.733398,0.001579
722353130733698,left,Médio,1,0.966309,0.933105,0.033203,0.966309,0.00035
722353130733698,right,Médio,1,0.973145,0.947678,0.001465,0.973145,0.025467
728867240050862,left,Baixo,0,0.81543,0.670654,0.81543,0.144775,0.039703
728867240050862,right,Médio,1,0.634766,0.368408,0.098633,0.634766,0.266357
729908389922448,left,Baixo,0,0.884766,0.769653,0.884766,0.115112,3.9e-05
729908389922448,right,Médio,1,0.936523,0.874512,0.062012,0.936523,0.001235
730728429827062,right,Médio,1,0.624512,0.255859,0.006836,0.624512,0.368652
731200753398644,left,Baixo,0,0.689453,0.38208,0.689453,0.307373,0.003376
731200753398644,right,Médio,1,0.895996,0.797729,0.005859,0.895996,0.098267
733070109872956,left,Médio,1,0.998047,0.99707,0.000977,0.998047,0.00097
733070109872956,right,Médio,1,0.939453,0.883789,0.055664,0.939453,0.005062
733769149510820,left,Baixo,0,0.71875,0.440918,0.71875,0.277832,0.00321
733769149510820,right,Alto,2,0.916992,0.837891,0.003906,0.079102,0.916992
734436152765707,left,Médio,1,0.949707,0.899384,0.0,0.949707,0.050323
734436152765707,right,Médio,1,0.661133,0.337402,0.015137,0.661133,0.32373
734742709430862,left,Médio,1,0.893555,0.787231,0.0,0.893555,0.106323
734742709430862,right,Alto,2,0.941406,0.885742,0.00293,0.055664,0.941406
734791542706739,left,Médio,1,0.37915,0.097168,0.144531,0.37915,0.476318
734791542706739,right,Médio,1,0.849609,0.731445,0.118164,0.849609,0.031982
736257635899440,left,Baixo,0,0.687012,0.375732,0.687012,0.311279,0.001604
736257635899440,right,Médio,1,0.590332,0.239258,0.058594,0.590332,0.351074
736283932573120,left,Médio,1,0.859863,0.750488,0.109375,0.859863,0.03067
736283932573120,right,Alto,2,0.99707,0.994141,0.0,0.00293,0.99707
737719009058331,left,Baixo,0,0.999512,0.998931,0.999512,0.00058,8e-06
737719009058331,right,Médio,1,0.390137,0.109863,0.109863,0.390137,0.5
737805939056970,left,Médio,1,0.821289,0.643066,0.178223,0.821289,0.000675
737805939056970,right,Baixo,0,0.959961,0.920258,0.959961,0.039703,0.000255
738648902298112,left,Médio,1,0.586914,0.174316,0.412598,0.586914,0.000274
738648902298112,right,Médio,1,0.688965,0.379883,0.309082,0.688965,0.001846
739102962601049,left,Médio,1,0.703125,0.407227,0.295898,0.703125,0.000853
739102962601049,right,Médio,1,0.883789,0.78125,0.102539,0.883789,0.013481
739239859258116,left,Médio,1,0.915527,0.831177,0.0,0.915527,0.084351
739239859258116,right,Baixo,0,0.854492,0.709229,0.854492,0.145264,3e-06
739355565908016,left,Médio,1,0.509277,0.019043,0.490234,0.509277,0.00035
739355565908016,right,Médio,1,0.836426,0.673462,0.000488,0.836426,0.162964
741314415715992,right,Médio,1,0.989258,0.980957,0.008301,0.989258,0.002415
743985351693622,left,Médio,1,0.845703,0.691406,0.154297,0.845703,6.3e-05
743985351693622,right,Médio,1,0.849121,0.701538,0.003418,0.849121,0.147583
746526534901910,left,Baixo,0,0.993164,0.986485,0.993164,0.00668,3.7e-05
746526534901910,right,Baixo,0,0.974121,0.948135,0.974121,0.025986,0.000118
749564454867114,left,Baixo,0,0.738281,0.479248,0.738281,0.259033,0.002705
749564454867114,right,Médio,1,0.967285,0.935547,0.031738,0.967285,0.000947
749576544431064,left,Médio,1,0.59082,0.185791,0.003906,0.59082,0.405029
749576544431064,right,Baixo,0,0.981934,0.966377,0.981934,0.015556,0.002434
752365954581090,left,Médio,1,0.841309,0.759338,0.07666,0.841309,0.08197
752365954581090,right,Alto,2,0.632324,0.268066,0.003418,0.364258,0.632324
753357264485551,left,Médio,1,0.742188,0.484863,0.257324,0.742188,0.000494
753357264485551,right,Médio,1,0.989746,0.981934,0.002441,0.989746,0.007812
753555761136082,left,Alto,2,0.54248,0.12207,0.037109,0.42041,0.54248
753555761136082,right,Alto,2,0.575195,0.150391,0.0,0.424805,0.575195
759655143330953,left,Baixo,0,0.840332,0.690552,0.840332,0.14978,0.009933
759655143330953,right,Alto,2,0.621094,0.250488,0.008301,0.370605,0.621094
761880760312890,left,Médio,1,0.758301,0.605957,0.089355,0.758301,0.152344
761880760312890,right,Médio,1,0.983887,0.968262,0.015625,0.983887,0.000644
763408929816225,left,Médio,1,0.886719,0.773743,0.000488,0.886719,0.112976
763408929816225,right,Baixo,0,0.943359,0.893738,0.943359,0.049622,0.007011
764195543392439,left,Médio,1,0.973145,0.955566,0.017578,0.973145,0.009125
764195543392439,right,Médio,1,0.751953,0.505005,0.000977,0.751953,0.246948
764605736121083,left,Médio,1,0.984375,0.970215,0.01416,0.984375,0.001389
764605736121083,right,Médio,1,0.899902,0.799927,0.0,0.899902,0.099976
765362139361712,left,Baixo,0,0.995605,0.992117,0.995605,0.003489,0.000727
765362139361712,right,Médio,1,0.801758,0.627808,0.024414,0.801758,0.17395
768129489060168,left,Baixo,0,0.966797,0.933472,0.966797,0.033325,9e-06
768129489060168,right,Baixo,0,0.906738,0.813782,0.906738,0.092957,0.000229
768794669586229,left,Baixo,0,0.69873,0.397705,0.69873,0.301025,0.000337
768794669586229,right,Alto,2,0.852051,0.704102,0.0,0.147949,0.852051
769271515601623,left,Baixo,0,0.689453,0.423828,0.689453,0.265625,0.045105
769271515601623,right,Baixo,0,0.835938,0.687988,0.835938,0.147949,0.0159
771311202651584,left,Médio,1,0.973145,0.946335,0.0,0.973145,0.02681
771311202651584,right,Alto,2,0.777344,0.554688,0.0,0.222656,0.777344
774686158984292,left,Médio,1,0.974609,0.960709,0.011719,0.974609,0.013901
774686158984292,right,Alto,2,0.962402,0.939453,0.014648,0.022949,0.962402
775973811530891,left,Baixo,0,0.949219,0.902283,0.949219,0.046936,0.003796
775973811530891,right,Baixo,0,0.994629,0.989342,0.994629,0.005287,1.4e-05
776532604805289,left,Médio,1,0.991699,0.986736,0.003418,0.991699,0.004963
776532604805289,right,Médio,1,0.959473,0.92041,0.039062,0.959473,0.001707
777987337994626,left,Médio,1,0.973145,0.948303,0.001953,0.973145,0.024841
777987337994626,right,Médio,1,0.928711,0.866943,0.009277,0.928711,0.061768
778587011929954,left,Médio,1,0.867188,0.734375,0.132812,0.867188,6e-06
778587011929954,right,Baixo,0,0.98291,0.968811,0.98291,0.014099,0.003004
781372380945961,left,Baixo,0,0.928223,0.856506,0.928223,0.071716,3e-06
781372380945961,right,Médio,1,0.893555,0.786865,0.0,0.893555,0.106689
781983848259003,left,Médio,1,0.931641,0.863342,0.0,0.931641,0.068298
781983848259003,right,Alto,2,0.98291,0.966309,0.000488,0.016602,0.98291
783512860687950,left,Médio,1,0.689453,0.37915,0.0,0.689453,0.310303
783512860687950,right,Alto,2,0.787109,0.574219,0.0,0.212891,0.787109
784901790535937,left,Médio,1,0.994629,0.989468,0.0,0.994629,0.005161
784901790535937,right,Médio,1,0.536133,0.075439,0.003418,0.536133,0.460693
785057910545774,left,Baixo,0,0.978516,0.956894,0.978516,0.021622,6e-06
785057910545774,right,Baixo,0,0.837891,0.676025,0.837891,0.161865,0.000158
785811393780966,left,Médio,1,0.990234,0.980957,0.009277,0.990234,0.000582
785811393780966,right,Médio,1,0.572266,0.146484,0.425781,0.572266,0.00209
788582673533055,left,Médio,1,0.860352,0.720825,0.0,0.860352,0.139526
788582673533055,right,Alto,2,0.98877,0.977539,0.0,0.01123,0.98877
789574947488701,left,Médio,1,0.992188,0.986328,0.005859,0.992188,0.001782
789574947488701,right,Alto,2,0.967285,0.936035,0.001465,0.03125,0.967285
791524123965587,left,Baixo,0,0.981445,0.96286,0.981445,0.018585,0.000139
791524123965587,right,Médio,1,0.644531,0.378418,0.089355,0.644531,0.266113
798191263292685,left,Baixo,0,0.925293,0.85083,0.925293,0.074463,0.000155
798191263292685,right,Alto,2,0.984375,0.973145,0.004395,0.01123,0.984375
802803638886572,left,Médio,1,0.922363,0.86084,0.061523,0.922363,0.01622
802803638886572,right,Médio,1,0.905273,0.816162,0.005859,0.905273,0.089111
804033582688396,left,Baixo,0,0.999512,0.999256,0.999512,0.000256,3e-06
804033582688396,right,Médio,1,0.524902,0.055664,0.469238,0.524902,0.005688
808104945646302,left,Alto,2,0.645996,0.291992,0.0,0.354004,0.645996
808104945646302,right,Alto,2,0.894043,0.788086,0.0,0.105957,0.894043
814233618332933,left,Médio,1,0.859375,0.755859,0.103516,0.859375,0.037048
814233618332933,right,Baixo,0,0.588379,0.185303,0.588379,0.403076,0.008514
819299504448783,left,Baixo,0,0.992676,0.985939,0.992676,0.006737,0.000497
819299504448783,right,Médio,1,0.973633,0.953613,0.02002,0.973633,0.006264
820758717677735,left,Médio,1,0.922852,0.845642,0.0,0.922852,0.077209
820758717677735,right,Alto,2,1.0,1.0,0.0,0.0,1.0
821525687590571,left,Baixo,0,0.986328,0.972481,0.986328,0.013847,2e-06
821525687590571,right,Médio,1,0.750977,0.509521,0.007324,0.750977,0.241455
824231107296776,left,Médio,1,0.987793,0.975586,0.012207,0.987793,0.000211
824231107296776,right,Alto,2,0.972168,0.944336,0.0,0.027832,0.972168
827122413676699,left,Médio,1,0.984863,0.969559,0.0,0.984863,0.015305
827122413676699,right,Baixo,0,0.697266,0.394775,0.697266,0.30249,1.2e-05
829031650146300,left,Médio,1,0.998047,0.99618,0.0,0.998047,0.001867
829031650146300,right,Médio,1,0.595215,0.191406,0.403809,0.595215,0.001151
830542340021903,left,Médio,1,0.98584,0.972359,0.000488,0.98584,0.013481
830542340021903,right,Alto,2,0.578125,0.158203,0.001953,0.419922,0.578125
831842893224227,left,Baixo,0,0.900879,0.802063,0.900879,0.098816,0.000313
831842893224227,right,Baixo,0,0.712402,0.478271,0.712402,0.234131,0.053497
836198529450017,left,Médio,1,0.992188,0.984375,0.007812,0.992188,6.7e-05
836198529450017,right,Baixo,0,0.80957,0.623291,0.80957,0.186279,0.00425
837456212073013,left,Médio,1,0.522949,0.046387,0.476562,0.522949,0.000303
837456212073013,right,Médio,1,0.4021,0.023926,0.219727,0.4021,0.378174
838016702552200,left,Baixo,0,0.96582,0.943863,0.96582,0.021957,0.012009
838016702552200,right,Médio,1,0.969238,0.938736,0.000488,0.969238,0.030502
839325689110903,left,Médio,1,0.966797,0.948776,0.015137,0.966797,0.018021
839325689110903,right,Alto,2,0.54834,0.100586,0.003906,0.447754,0.54834
841796068855417,left,Baixo,0,0.92627,0.856079,0.92627,0.07019,0.003376
841796068855417,right,Médio,1,0.58252,0.222656,0.359863,0.58252,0.057587
847444138288576,left,Médio,1,0.946289,0.89502,0.05127,0.946289,0.002424
847444138288576,right,Médio,1,0.993164,0.987652,0.001465,0.993164,0.005512
851797404345693,left,Baixo,0,0.939453,0.878723,0.939453,0.06073,2.4e-05
851797404345693,right,Médio,1,0.950684,0.90155,0.0,0.950684,0.049133
852030171007501,left,Médio,1,0.873535,0.747559,0.125977,0.873535,0.000495
852030171007501,right,Baixo,0,0.748047,0.496582,0.748047,0.251465,0.000289
853340981030387,left,Médio,1,0.972168,0.952225,0.007812,0.972168,0.019943
853340981030387,right,Baixo,0,0.595703,0.191162,0.595703,0.404541,8.7e-05
854245657485954,left,Médio,1,0.978027,0.96582,0.012207,0.978027,0.009636
854245657485954,right,Alto,2,0.500488,0.004883,0.003906,0.495605,0.500488
856109737421830,left,Médio,1,0.927246,0.855408,0.000977,0.927246,0.071838
857983763743667,left,Médio,1,0.749023,0.498535,0.250488,0.749023,0.000727
857983763743667,right,Médio,1,0.841797,0.709229,0.025879,0.841797,0.132568
858141400434741,left,Médio,1,0.998535,0.997559,0.000977,0.998535,0.000357
858141400434741,right,Médio,1,0.978516,0.957794,0.000977,0.978516,0.020721
859108673667463,left,Médio,1,0.977539,0.955078,0.022461,0.977539,2.4e-05
859108673667463,right,Alto,2,0.541504,0.083008,0.0,0.458496,0.541504
859579990385797,left,Médio,1,0.945312,0.8909,0.000488,0.945312,0.054413
859579990385797,right,Baixo,0,0.628906,0.264893,0.628906,0.364014,0.007233
859882643595773,left,Baixo,0,0.620117,0.240479,0.620117,0.379639,4.6e-05
859882643595773,right,Baixo,0,0.913574,0.840942,0.913574,0.013855,0.072632
860041896869191,left,Médio,1,0.830078,0.660645,0.169434,0.830078,0.000338
860041896869191,right,Baixo,0,0.821777,0.645874,0.821777,0.175903,0.002199
861054576930927,left,Baixo,0,0.537109,0.075684,0.537109,0.461426,0.001707
861054576930927,right,Baixo,0,1.0,0.999969,1.0,2e-05,3.1e-05
861612500045597,left,Baixo,0,0.768555,0.537354,0.768555,0.231201,0.000422
861612500045597,right,Baixo,0,0.819336,0.664673,0.819336,0.154663,0.025803
861900000059250,left,Baixo,0,0.716309,0.437012,0.716309,0.279297,0.004417
861900000059250,right,Médio,1,0.57373,0.149414,0.424316,0.57373,0.00209
862504916573715,left,Alto,2,0.794434,0.590332,0.001465,0.204102,0.794434
862504916573715,right,Baixo,0,0.575195,0.151855,0.575195,0.42334,0.00145
863100039677416,left,Médio,1,0.758789,0.517578,0.241211,0.758789,8.2e-05
863100039677416,right,Médio,1,0.930176,0.861328,0.068848,0.930176,0.001179
863657746509653,left,Médio,1,0.899414,0.807129,0.092285,0.899414,0.008125
863657746509653,right,Médio,1,0.882324,0.766113,0.116211,0.882324,0.00145
863990029931335,left,Alto,2,0.983398,0.966797,0.0,0.016602,0.983398
863990029931335,right,Médio,1,0.975586,0.962616,0.01123,0.975586,0.01297
864147963275185,left,Baixo,0,0.849609,0.758728,0.849609,0.059631,0.090881
864147963275185,right,Médio,1,0.987793,0.980835,0.005371,0.987793,0.006958
864329093141539,left,Médio,1,0.978516,0.957031,0.021484,0.978516,7e-05
864329093141539,right,Baixo,0,0.981445,0.962921,0.981445,0.018524,1.7e-05
864382356588693,left,Baixo,0,0.916016,0.837097,0.916016,0.078918,0.005119
864382356588693,right,Médio,1,0.816895,0.635254,0.181641,0.816895,0.001507
864605556470659,left,Alto,2,0.618652,0.237793,0.000488,0.380859,0.618652
864605556470659,right,Alto,2,0.962402,0.924805,0.0,0.037598,0.962402
865208649484129,left,Médio,1,0.814941,0.629883,0.185059,0.814941,8e-06
865208649484129,right,Baixo,0,0.996094,0.992554,0.996094,0.00354,0.00014
865823096317187,left,Médio,1,0.999023,0.998047,0.000977,0.999023,0.00021
865823096317187,right,Alto,2,0.989258,0.978516,0.0,0.010742,0.989258
866394316186505,left,Alto,2,0.722656,0.453613,0.008301,0.269043,0.722656
866394316186505,right,Médio,1,0.523438,0.055664,0.008789,0.523438,0.467773
866450562842763,left,Baixo,0,0.999512,0.999136,0.999512,0.000376,2.5e-05
866450562842763,right,Alto,2,0.985352,0.970703,0.0,0.014648,0.985352
867119636294857,left,Baixo,0,0.697266,0.401855,0.697266,0.29541,0.007431
867119636294857,right,Alto,2,0.987305,0.975243,0.012062,0.0,0.987305
867201209537315,left,Médio,1,0.803223,0.613281,0.189941,0.803223,0.007065
867201209537315,right,Alto,2,0.987305,0.976562,0.001953,0.010742,0.987305
867793859423100,left,Baixo,0,0.986328,0.972839,0.986328,0.013489,0.000253
867793859423100,right,Baixo,0,0.65918,0.334473,0.65918,0.324707,0.015961
868447202565461,left,Médio,1,0.925781,0.851562,0.0,0.925781,0.074219
868447202565461,right,Alto,2,0.999023,0.998047,0.0,0.000977,0.999023
868585239291899,left,Médio,1,0.946289,0.8992,0.006836,0.946289,0.047089
868585239291899,right,Alto,2,0.986328,0.973145,0.000488,0.013184,0.986328
868833435863305,left,Baixo,0,0.553711,0.107666,0.553711,0.446045,0.000427
868833435863305,right,Baixo,0,0.868164,0.736206,0.868164,0.0,0.131958
869085666009728,left,Médio,1,0.933594,0.867493,0.000488,0.933594,0.066101
869085666009728,right,Alto,2,0.983887,0.967773,0.0,0.016113,0.983887
871256652387980,left,Médio,1,0.971191,0.949707,0.007324,0.971191,0.021484
871256652387980,right,Médio,1,0.809082,0.621582,0.1875,0.809082,0.003622
872343265428362,left,Baixo,0,0.834473,0.669189,0.834473,0.165283,0.000325
872343265428362,right,Médio,1,0.786621,0.577148,0.209473,0.786621,0.00399
872678048886474,left,Médio,1,0.975586,0.95282,0.001465,0.975586,0.022766
872678048886474,right,Médio,1,0.791016,0.588867,0.006836,0.791016,0.202148
872836805460182,left,Baixo,0,0.90332,0.810364,0.90332,0.092957,0.003593
872836805460182,right,Alto,2,0.998535,0.99707,0.0,0.001465,0.998535
873031609026669,left,Médio,1,0.760742,0.526367,0.234375,0.760742,0.005062
873031609026669,right,Médio,1,0.95459,0.916504,0.038086,0.95459,0.007549
873364812069390,left,Médio,1,0.750488,0.501465,0.000488,0.750488,0.249023
873364812069390,right,Alto,2,0.554199,0.119629,0.01123,0.43457,0.554199
873761425410137,left,Médio,1,0.782227,0.644165,0.07959,0.782227,0.138062
873761425410137,right,Alto,2,0.708496,0.429199,0.012207,0.279297,0.708496
873770582293614,left,Alto,2,0.707031,0.415039,0.000977,0.291992,0.707031
873770582293614,right,Médio,1,0.650391,0.30127,0.000488,0.650391,0.349121
874250312180095,left,Médio,1,0.760742,0.52832,0.232422,0.760742,0.006691
874250312180095,right,Alto,2,0.970703,0.942383,0.000977,0.02832,0.970703
874535818719718,left,Médio,1,0.822266,0.645508,0.000977,0.822266,0.176758
874535818719718,right,Médio,1,0.736816,0.473633,0.263184,0.736816,3.4e-05
874733678487882,left,Médio,1,0.947266,0.895508,0.051758,0.947266,0.000981
874733678487882,right,Baixo,0,0.514648,0.039062,0.514648,0.475586,0.009895
874745851828506,left,Médio,1,0.816406,0.699463,0.066406,0.816406,0.116943
874745851828506,right,Alto,2,0.995117,0.991699,0.001465,0.003418,0.995117
874864788864462,left,Médio,1,0.532715,0.066406,0.466309,0.532715,0.000974
874864788864462,right,Médio,1,0.828613,0.662109,0.166504,0.828613,0.004963
875083702159131,left,Baixo,0,0.988281,0.976929,0.988281,0.011353,0.000291
875083702159131,right,Alto,2,0.884766,0.770508,0.000977,0.114258,0.884766
875226315373121,left,Baixo,0,0.723145,0.446533,0.723145,0.276611,0.000199
875226315373121,right,Alto,2,0.998047,0.996094,0.0,0.001953,0.998047
875446768625610,left,Baixo,0,0.853516,0.707153,0.853516,0.146362,0.000184
875446768625610,right,Baixo,0,0.994629,0.989185,0.994629,0.0,0.005444
875581795177846,left,Baixo,0,0.942871,0.886047,0.942871,0.056824,0.000365
875581795177846,right,Médio,1,0.857422,0.720215,0.137207,0.857422,0.00547
876020741990234,left,Médio,1,0.726562,0.453857,0.000977,0.726562,0.272705
876020741990234,right,Baixo,0,0.98877,0.977409,0.98877,0.01136,1.6e-05
876179151693182,left,Médio,1,0.95752,0.915436,0.000488,0.95752,0.042084
876179151693182,right,Médio,1,0.733398,0.466797,0.0,0.733398,0.266602
876375811986149,left,Alto,2,0.702637,0.405762,0.000488,0.296875,0.702637
876375811986149,right,Alto,2,0.869141,0.738281,0.0,0.130859,0.869141
876378401764826,left,Médio,1,0.981445,0.962646,0.0,0.981445,0.018799
876378401764826,right,Médio,1,0.943848,0.907715,0.036133,0.943848,0.019913
876524855123275,left,Baixo,0,0.998535,0.996914,0.998535,0.001621,6.6e-05
876524855123275,right,Médio,1,0.963379,0.927246,0.036133,0.963379,0.000524
876766458394099,left,Médio,1,0.94043,0.880676,0.0,0.94043,0.059753
876766458394099,right,Alto,2,0.929688,0.859863,0.000488,0.069824,0.929688
876835001871298,left,Médio,1,0.987793,0.975967,0.000488,0.987793,0.011826
876835001871298,right,Médio,1,0.527344,0.055664,0.47168,0.527344,0.00104
876936481768129,left,Médio,1,0.812012,0.625977,0.186035,0.812012,0.001942
876936481768129,right,Alto,2,0.852539,0.705078,0.0,0.147461,0.852539
877890161775196,left,Baixo,0,0.998047,0.996544,0.998047,0.001503,0.000364
877890161775196,right,Médio,1,0.705566,0.411621,0.293945,0.705566,0.000648
878058931475664,left,Médio,1,0.994141,0.988281,0.005859,0.994141,0.000205
878058931475664,right,Baixo,0,0.895508,0.790894,0.895508,0.104614,8.8e-05
878474294900660,left,Baixo,0,0.525879,0.051758,0.525879,0.474121,9e-05
878474294900660,right,Baixo,0,0.990723,0.981873,0.990723,0.00885,0.000203
878857641552218,left,Baixo,0,0.898438,0.797913,0.898438,0.100525,0.001211
878857641552218,right,Baixo,0,0.929688,0.892822,0.929688,0.036865,0.033325
878944814747584,left,Médio,1,0.632812,0.272461,0.360352,0.632812,0.007065
878944814747584,right,Médio,1,0.915527,0.840332,0.009277,0.915527,0.075195
879151571517587,left,Médio,1,0.881836,0.765869,0.002441,0.881836,0.115967
879151571517587,right,Médio,1,0.785156,0.581787,0.01123,0.785156,0.203369
879255514822138,left,Médio,1,0.992188,0.984222,0.0,0.992188,0.007965
879255514822138,right,Alto,2,0.974609,0.949219,0.0,0.025391,0.974609
879525808012527,left,Médio,1,0.666016,0.351074,0.314941,0.666016,0.019272
879525808012527,right,Alto,2,0.686035,0.37207,0.0,0.313965,0.686035
879574321595999,left,Baixo,0,0.862305,0.727051,0.862305,0.135254,0.002562
879574321595999,right,Baixo,0,0.961914,0.924591,0.961914,0.037323,0.000693
880754851215026,left,Baixo,0,0.904297,0.808472,0.904297,0.095825,4.4e-05
880754851215026,right,Baixo,0,0.852539,0.705322,0.852539,0.147217,0.000308
881458497829210,left,Baixo,0,0.826172,0.660034,0.826172,0.166138,0.007488
881458497829210,right,Médio,1,0.0,0.233887,0.383301,0.0,0.617188
881612071259389,left,Médio,1,0.967285,0.935059,0.032227,0.967285,0.000364
881612071259389,right,Baixo,0,0.765625,0.536987,0.765625,0.228638,0.006004
882936321100659,left,Médio,1,0.991211,0.983116,0.000488,0.991211,0.008095
882936321100659,right,Médio,1,0.881836,0.763672,0.118164,0.881836,0.00024
883402837666962,left,Médio,1,0.912598,0.866211,0.041016,0.912598,0.046387
883402837666962,right,Médio,1,0.93457,0.898682,0.029785,0.93457,0.035889
883720087952559,left,Médio,1,0.851562,0.703613,0.000488,0.851562,0.147949
883720087952559,right,Baixo,0,0.996094,0.992889,0.996094,0.003204,0.000517
884205134255759,left,Médio,1,0.981934,0.963867,0.018066,0.981934,6e-05
884205134255759,right,Baixo,0,0.980957,0.963943,0.980957,0.017014,0.002108
884945534465528,left,Alto,2,0.654785,0.30957,0.0,0.345215,0.654785
884945534465528,right,Médio,1,0.989746,0.980957,0.008789,0.989746,0.001274
884960124272567,left,Médio,1,0.926758,0.854492,0.072266,0.926758,0.000752
884960124272567,right,Alto,2,0.55957,0.269043,0.290527,0.149902,0.55957
885085297827205,left,Médio,1,0.962402,0.929077,0.004395,0.962402,0.033325
885085297827205,right,Médio,1,0.839844,0.685791,0.005859,0.839844,0.154053
885167980918333,left,Médio,1,0.973633,0.953613,0.02002,0.973633,0.00629
885167980918333,right,Alto,2,0.663086,0.326172,0.0,0.336914,0.663086
885264074213719,left,Médio,1,0.923828,0.86972,0.021973,0.923828,0.054108
885264074213719,right,Alto,2,0.969727,0.939453,0.0,0.030273,0.969727
887293620344397,left,Baixo,0,0.990723,0.982635,0.990723,0.008087,0.001
887293620344397,right,Médio,1,0.88623,0.80658,0.03418,0.88623,0.079651
888693160476847,left,Baixo,0,0.991211,0.982552,0.991211,0.008659,0.00015
888693160476847,right,Alto,2,0.828613,0.727051,0.101562,0.069824,0.828613
888774720218734,left,Médio,1,0.82959,0.65918,0.17041,0.82959,0.000213
888774720218734,right,Médio,1,0.702148,0.404053,0.0,0.702148,0.298096
889178727200132,left,Médio,1,0.725098,0.455078,0.004883,0.725098,0.27002
889178727200132,right,Médio,1,0.665527,0.331055,0.334473,0.665527,2.8e-05
891030253863793,left,Baixo,0,0.815918,0.64209,0.815918,0.173828,0.010368
891030253863793,right,Médio,1,0.840332,0.682617,0.001953,0.840332,0.157715
891557067142341,left,Baixo,0,0.945801,0.891846,0.945801,0.053955,2.4e-05
891557067142341,right,Médio,1,0.641113,0.283203,0.000977,0.641113,0.35791
892202249847773,left,Médio,1,0.550293,0.102539,0.447754,0.550293,0.002068
892202249847773,right,Alto,2,0.762207,0.524414,0.0,0.237793,0.762207
892260306495872,left,Médio,1,0.970703,0.941406,0.029297,0.970703,0.000151
892260306495872,right,Médio,1,0.899902,0.800415,0.000488,0.899902,0.099487
892777039792009,left,Médio,1,0.995605,0.992332,0.000977,0.995605,0.003273
892777039792009,right,Médio,1,0.583496,0.167969,0.415527,0.583496,0.000929
893021127018052,left,Baixo,0,0.942383,0.888245,0.942383,0.054138,0.003235
893021127018052,right,Alto,2,0.999023,0.998047,0.0,0.000977,0.999023
893218916542971,left,Médio,1,0.988281,0.977211,0.000488,0.988281,0.01107
893218916542971,right,Médio,1,0.875488,0.751587,0.000488,0.875488,0.123901
893396530282416,left,Baixo,0,0.948242,0.897003,0.948242,0.051239,0.000416
893835130161909,left,Médio,1,0.870605,0.757202,0.016113,0.870605,0.113403
893835130161909,right,Médio,1,0.748535,0.498047,0.250488,0.748535,0.001129
894156546819606,left,Baixo,0,0.835449,0.671021,0.835449,0.164429,0.000207
894156546819606,right,Alto,2,0.788574,0.578613,0.001465,0.209961,0.788574
894197266876948,left,Médio,1,0.658203,0.316406,0.0,0.658203,0.341797
894197266876948,right,Alto,2,0.998047,0.996094,0.0,0.001953,0.998047
894947666267866,left,Baixo,0,0.712891,0.426025,0.712891,0.286865,3.1e-05
894947666267866,right,Médio,1,0.908203,0.816833,0.000488,0.908203,0.09137
894991752923993,left,Baixo,0,0.830566,0.661499,0.830566,0.169067,0.000505
894991752923993,right,Médio,1,0.993164,0.987793,0.005371,0.993164,0.001467
895098829874167,left,Médio,1,0.908691,0.823242,0.085449,0.908691,0.006004
895098829874167,right,Médio,1,0.962891,0.938843,0.013184,0.962891,0.024048
895902609522940,left,Alto,2,0.832031,0.716309,0.052246,0.115723,0.832031
895902609522940,right,Médio,1,0.727539,0.454834,0.0,0.727539,0.272705
895920376163660,left,Médio,1,0.719727,0.506348,0.213379,0.719727,0.067078
895920376163660,right,Alto,2,0.995117,0.990234,0.0,0.004883,0.995117
896357469442870,left,Médio,1,0.998047,0.996582,0.001465,0.998047,0.000253
896357469442870,right,Alto,2,0.953613,0.907227,0.0,0.046387,0.953613
896383596472316,left,Médio,1,0.972168,0.949707,0.022461,0.972168,0.005447
896383596472316,right,Médio,1,0.902832,0.806152,0.09668,0.902832,0.000499
896783869419671,left,Baixo,0,0.96875,0.937378,0.96875,0.031372,7e-05
896783869419671,right,Baixo,0,0.998535,0.997129,0.998535,0.001406,9e-05
897147442727223,left,Médio,1,0.862793,0.726196,0.000488,0.862793,0.136597
897147442727223,right,Alto,2,0.854004,0.710938,0.00293,0.143066,0.854004
897156012811364,left,Baixo,0,0.805176,0.618652,0.805176,0.186523,0.008125
897156012811364,right,Médio,1,0.923828,0.852539,0.071289,0.923828,0.004963
897279802673308,left,Médio,1,0.993164,0.989279,0.00293,0.993164,0.003885
897279802673308,right,Alto,2,0.996582,0.993164,0.0,0.003418,0.996582
897610982813678,left,Médio,1,0.766602,0.540039,0.226562,0.766602,0.006931
897610982813678,right,Médio,1,0.947266,0.895508,0.000977,0.947266,0.051758
897973112613802,left,Médio,1,0.995605,0.992676,0.00293,0.995605,0.001255
897973112613802,right,Alto,2,0.978516,0.958008,0.000977,0.020508,0.978516
897994099839697,left,Médio,1,0.959473,0.931778,0.012695,0.959473,0.027695
897994099839697,right,Alto,2,0.863281,0.727539,0.000977,0.135742,0.863281
898131322609542,left,Médio,1,0.901855,0.803711,0.098145,0.901855,0.000107
898131322609542,right,Alto,2,0.975586,0.951172,0.0,0.024414,0.975586
898257952596358,left,Médio,1,0.795898,0.591797,0.204102,0.795898,8e-06
898257952596358,right,Médio,1,0.953125,0.907715,0.04541,0.953125,0.001707
898642655862116,left,Médio,1,0.925293,0.863281,0.062012,0.925293,0.012924
898642655862116,right,Médio,1,0.982422,0.972656,0.009766,0.982422,0.007668
899432245907138,right,Médio,1,0.791992,0.586548,0.002441,0.791992,0.205444
899858525844035,left,Médio,1,0.758789,0.57373,0.185059,0.758789,0.056244
899858525844035,right,Alto,2,0.995605,0.992676,0.001465,0.00293,0.995605
900025839160204,left,Médio,1,0.989258,0.979248,0.000488,0.989258,0.01001
900025839160204,right,Médio,1,0.882324,0.770325,0.005859,0.882324,0.112
900096695816380,left,Baixo,0,0.697266,0.40625,0.697266,0.291016,0.011597
900096695816380,right,Médio,1,0.825195,0.65918,0.008789,0.825195,0.166016
900678192374945,left,Baixo,0,0.861328,0.732422,0.861328,0.128906,0.009598
900678192374945,right,Baixo,0,0.71582,0.431885,0.71582,0.283936,0.000163
900719355738206,left,Médio,1,0.983398,0.970703,0.012695,0.983398,0.003824
900719355738206,right,Médio,1,0.619141,0.239746,0.379395,0.619141,0.001519
900927709062666,left,Médio,1,0.938965,0.883301,0.055664,0.938965,0.005161
900927709062666,right,Médio,1,0.884766,0.771973,0.112793,0.884766,0.002323
901638215780710,left,Médio,1,0.991211,0.98584,0.005371,0.991211,0.003338
901638215780710,right,Baixo,0,1.0,0.999936,1.0,6.4e-05,0.0
902279122176189,left,Médio,1,0.980957,0.962082,0.0,0.980957,0.018875
902279122176189,right,Médio,1,0.923828,0.85791,0.065918,0.923828,0.010368
902395332298282,left,Baixo,0,0.986816,0.973656,0.986816,0.013161,6.4e-05
902395332298282,right,Médio,1,0.973145,0.948349,0.001953,0.973145,0.024796
902451538945941,left,Médio,1,0.954102,0.923477,0.015137,0.954102,0.030624
902451538945941,right,Alto,2,0.924316,0.848633,0.0,0.075684,0.924316
902860285765631,left,Médio,1,0.988281,0.978271,0.001465,0.988281,0.01001
902860285765631,right,Alto,2,0.929688,0.859863,0.000488,0.069824,0.929688
903106282296245,left,Baixo,0,0.765625,0.531006,0.765625,0.0,0.234619
903106282296245,right,Baixo,0,0.646484,0.317383,0.646484,0.329102,0.02475
903428265554158,left,Baixo,0,0.851562,0.703491,0.851562,0.148071,0.000323
903428265554158,right,Alto,2,0.995605,0.991211,0.0,0.004395,0.995605
903623088858643,left,Médio,1,0.994629,0.989647,0.000488,0.994629,0.004982
903623088858643,right,Médio,1,0.995117,0.991699,0.003418,0.995117,0.001592
903871865425956,left,Médio,1,0.969238,0.947266,0.021973,0.969238,0.008575
903871865425956,right,Baixo,0,0.51416,0.030518,0.51416,0.483643,0.002192
903976942005491,left,Médio,1,0.709473,0.418945,0.290527,0.709473,2.7e-05
903976942005491,right,Baixo,0,0.998535,0.997166,0.998535,0.001369,0.000259
905037251902998,left,Baixo,0,0.954102,0.908661,0.954102,0.045441,0.000234
905037251902998,right,Baixo,0,0.768555,0.537964,0.768555,0.230591,0.000712
905407815273109,left,Médio,1,0.996094,0.993492,0.001465,0.996094,0.002602
905407815273109,right,Médio,1,0.413818,0.056641,0.115723,0.413818,0.470459
905995488643984,left,Médio,1,0.907715,0.815918,0.091797,0.907715,0.000406
905995488643984,right,Baixo,0,0.991699,0.984695,0.991699,0.007004,0.001444
906527511770937,left,Médio,1,0.412598,0.080566,0.094238,0.412598,0.493164
906527511770937,right,Médio,1,0.694336,0.394775,0.006348,0.694336,0.299561
906800308489687,left,Médio,1,0.905273,0.814209,0.003418,0.905273,0.091064
906800308489687,right,Alto,2,0.957031,0.914062,0.0,0.042969,0.957031
906900948348846,left,Médio,1,0.988281,0.978027,0.010254,0.988281,0.001574
906900948348846,right,Alto,2,0.867676,0.735352,0.0,0.132324,0.867676
907140478419681,left,Médio,1,0.956055,0.918945,0.037109,0.956055,0.006744
907140478419681,right,Médio,1,0.875977,0.754089,0.001953,0.875977,0.121887
907474278481185,left,Médio,1,0.998047,0.997019,0.000977,0.998047,0.001028
907474278481185,right,Médio,1,0.942871,0.886719,0.056152,0.942871,0.001
907614638374787,left,Médio,1,0.996094,0.992676,0.003418,0.996094,0.000575
907614638374787,right,Alto,2,0.671387,0.342773,0.0,0.328613,0.671387
907737018859034,left,Baixo,0,0.893066,0.786072,0.893066,0.106995,3.4e-05
907737018859034,right,Médio,1,0.980469,0.9617,0.000977,0.980469,0.018768
908238488824417,left,Baixo,0,0.989746,0.980469,0.989746,0.009277,0.001012
908238488824417,right,Baixo,0,0.999512,0.99909,0.999512,0.000421,0.000188
908541901631043,left,Baixo,0,0.86377,0.745056,0.86377,0.118713,0.01738
908541901631043,right,Alto,2,0.583496,0.177246,0.010254,0.40625,0.583496
908634501700960,left,Médio,1,0.517578,0.037354,0.001953,0.517578,0.480225
908634501700960,right,Alto,2,0.629395,0.258789,0.0,0.370605,0.629395
908662758269459,left,Baixo,0,0.999023,0.997993,0.999023,0.001031,2.6e-05
908662758269459,right,Baixo,0,0.966797,0.933472,0.966797,0.033325,6e-06
908952428294615,left,Baixo,0,0.709961,0.424316,0.709961,0.285645,0.00452
908952428294615,right,Baixo,0,0.994629,0.989426,0.994629,0.005203,0.000353
909109911472999,left,Médio,1,0.668945,0.413086,0.255859,0.668945,0.075439
909109911472999,right,Alto,2,0.733887,0.468262,0.000488,0.265625,0.733887
909122914985654,left,Médio,1,0.958984,0.918945,0.040039,0.958984,0.001044
909122914985654,right,Médio,1,0.996094,0.994129,0.001953,0.996094,0.001965
909705131416596,left,Médio,1,0.575195,0.185059,0.034668,0.575195,0.390137
909705131416596,right,Alto,2,0.987793,0.976562,0.000977,0.01123,0.987793
909790501400365,left,Médio,1,0.927734,0.85791,0.069824,0.927734,0.002493
909790501400365,right,Médio,1,0.775391,0.550781,0.224609,0.775391,2.7e-05
909894584833466,left,Médio,1,0.950195,0.9104,0.009766,0.950195,0.039795
909894584833466,right,Médio,1,0.553711,0.107178,0.0,0.553711,0.446533
911098931570900,left,Médio,1,0.925781,0.864258,0.061523,0.925781,0.012482
911098931570900,right,Baixo,0,0.978516,0.958572,0.978516,0.019943,0.001707
911357304901192,left,Médio,1,0.659668,0.319336,0.340332,0.659668,0.000208
911357304901192,right,Alto,2,0.998047,0.996094,0.0,0.001953,0.998047
912112975104395,left,Médio,1,0.612305,0.224609,0.0,0.612305,0.387695
912112975104395,right,Baixo,0,0.824707,0.649536,0.824707,0.175171,7.7e-05
912331185085680,left,Médio,1,0.989258,0.979492,0.009766,0.989258,0.001169
912331185085680,right,Alto,2,0.647461,0.294922,0.0,0.352539,0.647461
912398351293730,left,Baixo,0,0.569824,0.143066,0.569824,0.426758,0.003325
912398351293730,right,Médio,1,0.989258,0.980957,0.008301,0.989258,0.002493
912398764695089,left,Médio,1,0.975586,0.960938,0.014648,0.975586,0.009857
912398764695089,right,Médio,1,0.790039,0.580078,0.209961,0.790039,5.5e-05
912441704649368,left,Médio,1,0.981934,0.964157,0.000488,0.981934,0.017776
912441704649368,right,Médio,1,0.958984,0.918671,0.000488,0.958984,0.040314
912493807996697,left,Médio,1,0.935547,0.89386,0.022949,0.935547,0.041687
912493807996697,right,Médio,1,0.911133,0.824951,0.00293,0.911133,0.086182
912495877889802,left,Médio,1,0.931641,0.883698,0.020508,0.931641,0.047943
912495877889802,right,Alto,2,0.990234,0.980469,0.0,0.009766,0.990234
912541467971024,left,Baixo,0,0.949707,0.899628,0.949707,0.050079,5.3e-05
912541467971024,right,Médio,1,0.992188,0.986298,0.001953,0.992188,0.00589
912568667874801,left,Baixo,0,0.634766,0.272461,0.634766,0.362305,0.002823
912568667874801,right,Alto,2,0.943359,0.886719,0.0,0.056641,0.943359
913074184699448,left,Baixo,0,0.977051,0.954865,0.977051,0.022186,0.000536
913074184699448,right,Médio,1,0.772461,0.545898,0.226562,0.772461,0.001179
914222908227900,left,Médio,1,0.998535,0.997669,0.000488,0.998535,0.000866
914222908227900,right,Alto,2,0.923828,0.847656,0.0,0.076172,0.923828
915011554603013,left,Médio,1,0.983398,0.967499,0.000488,0.983398,0.0159
915011554603013,right,Alto,2,0.649902,0.322754,0.022949,0.327148,0.649902
915148967642560,left,Médio,1,0.583496,0.199707,0.032715,0.583496,0.383789
915148967642560,right,Baixo,0,0.874023,0.752258,0.874023,0.121765,0.004215
915197044305645,left,Médio,1,0.663574,0.329102,0.334473,0.663574,0.002108
915197044305645,right,Baixo,0,0.97168,0.943542,0.97168,0.0,0.028137
915351664244811,left,Médio,1,0.901855,0.806519,0.00293,0.901855,0.095337
915351664244811,right,Médio,1,0.819824,0.717346,0.077637,0.819824,0.102478
915840821107834,left,Médio,1,0.999023,0.998377,0.000488,0.999023,0.000646
915840821107834,right,Médio,1,0.524414,0.048828,0.0,0.524414,0.475586
915939990787525,left,Médio,1,0.991699,0.985352,0.006348,0.991699,0.002043
915939990787525,right,Baixo,0,0.897949,0.797241,0.897949,0.100708,0.001399
916102467875564,left,Médio,1,0.945801,0.895508,0.050293,0.945801,0.004025
916102467875564,right,Médio,1,0.861328,0.755005,0.032227,0.861328,0.106323
916434551066122,left,Médio,1,0.964355,0.930664,0.033691,0.964355,0.001761
916434551066122,right,Alto,2,0.928711,0.857422,0.0,0.071289,0.928711
916939267441752,left,Médio,1,0.98291,0.973923,0.008301,0.98291,0.008987
916939267441752,right,Médio,1,0.930664,0.861511,0.0,0.930664,0.069153
917136207497811,left,Baixo,0,0.994629,0.989891,0.994629,0.004738,0.000839
917136207497811,right,Médio,1,0.857422,0.771118,0.056152,0.857422,0.086304
917440837426612,left,Baixo,0,0.868652,0.737183,0.868652,0.13147,1e-06
917440837426612,right,Baixo,0,0.999023,0.997917,0.999023,0.001106,1e-06
917679867879437,left,Baixo,0,0.938477,0.876984,0.938477,0.061493,3.7e-05
917679867879437,right,Médio,1,0.775879,0.552368,0.000488,0.775879,0.223511
917910573906477,left,Baixo,0,0.918457,0.853943,0.918457,0.064514,0.017319
917910573906477,right,Médio,1,0.974609,0.951172,0.023438,0.974609,0.002157
918026707309863,left,Baixo,0,0.99707,0.994438,0.99707,0.002632,0.000291
918026707309863,right,Médio,1,0.96875,0.941574,0.003906,0.96875,0.027176
918447667542306,left,Médio,1,0.782227,0.564453,0.217773,0.782227,7.3e-05
918447667542306,right,Médio,1,0.953613,0.915527,0.038086,0.953613,0.008347
918734944060000,left,Baixo,0,0.99707,0.995029,0.99707,0.002041,0.00075
918734944060000,right,Médio,1,0.527832,0.065918,0.010254,0.527832,0.461914
919359817270116,left,Médio,1,0.9375,0.875061,0.0,0.9375,0.062439
919359817270116,right,Alto,2,0.533691,0.070312,0.00293,0.463379,0.533691
920341997221271,left,Baixo,0,0.987793,0.975426,0.987793,0.012367,6.3e-05
920341997221271,right,Alto,2,0.990234,0.980469,0.0,0.009766,0.990234
921514906908614,left,Baixo,0,0.978027,0.958572,0.978027,0.019455,0.002453
921514906908614,right,Médio,1,0.854492,0.773254,0.064453,0.854492,0.081238
921917996962054,left,Baixo,0,0.994629,0.98946,0.994629,0.005169,1.2e-05
921917996962054,right,Médio,1,0.782715,0.569336,0.213379,0.782715,0.004135
922113750382050,left,Médio,1,0.977539,0.955338,0.000488,0.977539,0.022202
922113750382050,right,Alto,2,0.530273,0.061523,0.000977,0.46875,0.530273
922456066976519,left,Médio,1,0.673828,0.510498,0.162598,0.673828,0.16333
922456066976519,right,Alto,2,0.999512,0.999023,0.0,0.000488,0.999512
923224870054269,left,Baixo,0,0.706055,0.412598,0.706055,0.293457,0.000675
923224870054269,right,Médio,1,0.971191,0.95047,0.008301,0.971191,0.020721
924499300154702,left,Baixo,0,0.98877,0.977631,0.98877,0.011139,6.1e-05
924499300154702,right,Baixo,0,0.999023,0.998477,0.999023,0.000547,0.000232
925435143349052,left,Médio,1,0.987305,0.975098,0.012207,0.987305,0.000416
925435143349052,right,Médio,1,0.943848,0.900818,0.013184,0.943848,0.04303
925887876793426,left,Médio,1,0.990234,0.981178,0.000488,0.990234,0.009056
925887876793426,right,Alto,2,0.949707,0.904297,0.004883,0.04541,0.949707
926045953196402,left,Médio,1,0.849121,0.702271,0.003906,0.849121,0.146851
926045953196402,right,Alto,2,0.77832,0.556641,0.0,0.22168,0.77832
926922066684538,left,Médio,1,0.982422,0.968681,0.003906,0.982422,0.013741
926922066684538,right,Alto,2,0.995117,0.990234,0.0,0.004883,0.995117
927281366525338,left,Médio,1,0.97998,0.960938,0.019043,0.97998,0.000978
927281366525338,right,Alto,2,1.0,1.0,0.0,0.0,1.0
927739572930098,left,Médio,1,0.985352,0.971924,0.001465,0.985352,0.013428
927739572930098,right,Médio,1,0.765625,0.532959,0.001953,0.765625,0.232666
928277046201222,left,Médio,1,0.795898,0.592773,0.203125,0.795898,0.000795
928277046201222,right,Médio,1,0.910156,0.845947,0.025879,0.910156,0.064209
928908423040833,left,Médio,1,0.614746,0.229492,0.385254,0.614746,2.4e-05
928908423040833,right,Baixo,0,0.947754,0.89566,0.947754,0.052094,0.000147
930195986625604,left,Médio,1,0.942871,0.885895,0.0,0.942871,0.056976
930195986625604,right,Baixo,0,0.916992,0.834351,0.916992,0.082642,0.000156
932615442441807,left,Médio,1,0.760254,0.520508,0.0,0.760254,0.239746
932615442441807,right,Baixo,0,0.95459,0.909058,0.95459,0.045532,6e-06
933339156036196,left,Médio,1,0.966309,0.932831,0.0,0.966309,0.033478
933339156036196,right,Alto,2,0.635742,0.271484,0.0,0.364258,0.635742
935002702526467,left,Médio,1,0.975098,0.950058,0.0,0.975098,0.02504
935002702526467,right,Alto,2,0.751953,0.603516,0.099609,0.148438,0.751953
936093152733393,left,Baixo,0,0.830566,0.6604,0.830566,0.0,0.170166
936093152733393,right,Baixo,0,0.669922,0.340332,0.669922,0.32959,0.000646
936292102258606,left,Baixo,0,0.972656,0.946487,0.972656,0.026169,0.001211
941031738265203,left,Médio,1,0.702148,0.405762,0.001465,0.702148,0.296387
941031738265203,right,Baixo,0,0.765137,0.53064,0.765137,0.234497,0.000197
949349204486063,left,Baixo,0,0.935547,0.871338,0.935547,0.064209,1.5e-05
949349204486063,right,Médio,1,0.937012,0.898041,0.023926,0.937012,0.038971
960190287178222,left,Médio,1,0.95166,0.903809,0.047852,0.95166,0.000515
960190287178222,right,Médio,1,0.97168,0.944199,0.000977,0.97168,0.027481
979613285231753,left,Médio,1,0.993652,0.989006,0.001465,0.993652,0.004646
979613285231753,right,Alto,2,0.957031,0.914062,0.0,0.042969,0.957031
983590951504057,left,Baixo,0,0.509766,0.030029,0.509766,0.479736,0.01049
983590951504057,right,Alto,2,0.996582,0.993164,0.0,0.003418,0.996582
997637730093681,left,Médio,1,0.969238,0.938965,0.030273,0.969238,0.000732
997637730093681,right,Alto,2,0.998047,0.996094,0.0,0.001953,0.998047
999266379935055,left,Médio,1,0.806641,0.614746,0.191895,0.806641,0.001472
999266379935055,right,Baixo,0,0.724609,0.455322,0.724609,0.269287,0.00639
